"","logFC","AveExpr","t","P.Value","adj.P.Val","B"
"GAS1",1.60219878306878,7.02042395833333,6.32364693015897,6.97963208480329e-08,5.23472406360246e-05,8.00962928152068
"AQP9",-1.56805428571429,7.31914041666667,-5.79423192022451,4.62737702844433e-07,0.000124418261170387,6.22902855613305
"CENPF",1.98123984126984,6.13603979166667,5.70777553255302,6.2898992730444e-07,0.000124418261170387,5.94014841493245
"BIRC5",1.77866375661376,6.89272979166667,5.69268349536293,6.63564059575396e-07,0.000124418261170387,5.88979383237768
"TREM1",-1.93210603174603,7.5014375,-5.51092431388844,1.26166537028775e-06,0.000167725906819346,5.28526518107493
"HELLS",0.889861164021163,6.754325,5.49344832467156,1.34180725455477e-06,0.000167725906819346,5.22734175688009
"ANLN",1.19151380952381,6.77289604166667,5.06664902777772,5.95945709881233e-06,0.000638513260587035,3.82631044281399
"CDK6",0.896487566137566,8.67825854166667,4.93427312853972,9.40673345472044e-06,0.000881881261380041,3.39806078094828
"EZH2",0.908052380952384,7.51536041666667,4.86781686563777,1.181446439507e-05,0.000984538699589164,3.18439329947798
"TCF3",0.703614920634921,8.49427291666667,4.77596503489658,1.61648769850945e-05,0.00120632219461698,2.8906421216471
"CCNB1",1.07268507936508,7.43069916666667,4.73768768020884,1.84113108074652e-05,0.00120632219461698,2.76878992283054
"SPP1",-1.34311481481481,14.5681979166667,-4.7138657782698,1.99611156117646e-05,0.00120632219461698,2.69312838087593
"BCL2L1",-0.452578465608466,9.43013270833333,-4.7001662314238,2.09095847066943e-05,0.00120632219461698,2.64967800349848
"FANCA",0.868015238095239,6.12363333333333,4.66239098552035,2.37596980466089e-05,0.00127284096678262,2.53010310001387
"DNMT1",0.549692698412695,9.15045166666667,4.6165016458798,2.77373099560793e-05,0.00138686549780396,2.3853188815968
"MKI67",1.29468661375661,6.976463125,4.59436120212613,2.98827620170414e-05,0.00140075446954882,2.31565501667478
"MELK",1.07288169312169,5.77731833333333,4.49039139824369,4.23318866453741e-05,0.00186758323435474,1.99024327954531
"RRM2",1.18772084656084,7.7136625,4.37744208113647,6.16044922440377e-05,0.00252384764746128,1.64011543568333
"FBP1",-0.954106666666665,7.24305833333333,-4.36619571631202,6.39374737356857e-05,0.00252384764746128,1.60545556532131
"CDC25C",1.06640396825397,3.71569604166667,4.32973144633572,7.21094294607567e-05,0.00270410360477838,1.4933375424347
"SPRY4",0.871371005291005,8.27562333333333,4.30545260097516,7.81057140599287e-05,0.0027894897878546,1.41891022815942
"NOTCH1",0.688100211640212,8.47802208333333,4.22639491654172,0.00010118920708524,0.00344963205972411,1.17783066520767
"PIK3R2",0.502111640211643,8.76743541666667,4.11073543384799,0.000147294148264019,0.00470537394853167,0.828796522275088
"SOX2",0.687293492063485,11.023186875,4.10391521593915,0.000150571966353013,0.00470537394853167,0.808355525778989
"PDGFA",0.640860634920638,7.81166791666667,4.07549817125802,0.000165006810036716,0.00495020430110149,0.723359836731643
"KIF2C",1.00024714285714,5.89938854166667,4.03444075420269,0.000188254353337165,0.00543041403857205,0.601057796662996
"POLD1",0.444585767195766,6.37925854166667,4.01548100660638,0.000200031482959884,0.00555643008221901,0.544783473784929
"CCL20",-1.51612148148148,5.40829166666667,-4.00221532473313,0.000208692302168088,0.00558997237950235,0.505486950874664
"CLEC5A",-1.08205634920635,7.27592854166667,-3.97536301410377,0.000227347287671659,0.00587967123288773,0.426139913802921
"ZEB1",0.523996243386243,10.001093125,3.94214712599562,0.000252661155210968,0.00631652888027419,0.328357899192427
"SLC11A1",-1.09160867724868,8.6484125,-3.88631953356861,0.000301457918618143,0.00729333674076152,0.164948627881535
"UBE2C",1.21771544973545,6.28769541666667,3.86212641080972,0.000325321192643901,0.00762471545259144,0.0945067913205095
"CD300A",-0.696886931216934,7.98519729166667,-3.82282256821584,0.000368018070563082,0.00836404705825186,-0.0194426238416749
"BRIP1",0.812026666666663,5.87472166666667,3.7920548848008,0.000405157992290277,0.008937308653462,-0.108214597520345
"CDK2",0.538102380952378,8.57147354166667,3.74496475920009,0.000469069294509541,0.0100514848823473,-0.243336264502704
"S100A9",-1.21606206349206,9.41911270833333,-3.70780065523146,0.000526241699677635,0.0109633687432841,-0.349328375608927
"MARCO",-1.60643074074074,7.207249375,-3.62860638123949,0.000671198563674965,0.0133689971064403,-0.573235102774317
"HEY1",0.877706243386244,9.733715,3.62561515994641,0.000677362520059643,0.0133689971064403,-0.581639066125705
"APH1B",-0.456010052910053,7.58706291666667,-3.59545306571387,0.000742621916348175,0.0142264797676321,-0.666160820961871
"BLM",0.612000370370372,6.90911020833333,3.58839228297855,0.000758745587607045,0.0142264797676321,-0.685888746688295
"SREBF1",-0.666933015873015,10.8011120833333,-3.55500521362336,0.00083962842014481,0.0148964218575702,-0.778870648300465
"CDH11",0.700695079365076,9.97409145833333,3.5525475151722,0.000845897255873808,0.0148964218575702,-0.785695427777261
"ITGB3",-0.712746507936508,6.74535104166667,-3.54937267011493,0.000854061519834026,0.0148964218575702,-0.794507601727158
"BATF3",0.551659365079362,6.78410791666667,3.53030336468382,0.000904705303819375,0.0154211131332848,-0.847340413081199
"IL1R2",-1.15430227513228,5.93820354166667,-3.50395944486796,0.000979403391421273,0.0160159075413346,-0.920054193035356
"ICOSLG",-0.761413597883598,8.80903770833333,-3.49300236653238,0.00101217373140676,0.0160159075413346,-0.950203292056605
"CDKN1C",-0.809346772486771,8.60319625,-3.49001836821366,0.00102127779126092,0.0160159075413346,-0.958404294899687
"EXO1",0.775354285714284,5.87908583333333,3.48879977252715,0.00102501808264541,0.0160159075413346,-0.961752202522881
"SOX11",1.2390155026455,7.03986479166667,3.45522255849482,0.00113336621097013,0.0170583001137239,-1.05372716006108
"HAVCR2",-0.594058624338622,8.9635325,-3.45408543390812,0.00113722000758159,0.0170583001137239,-1.05683269581111
"CEBPB",-0.651945714285715,10.1650995833333,-3.43935016502909,0.00118830086691204,0.0174750127487065,-1.09701993931467
"CXCL8",-1.74683571428571,8.43752395833333,-3.42654453974235,0.00123445892692318,0.0178046960613921,-1.13186060854928
"NGFR",-1.11570047619048,8.219565625,-3.40270433137437,0.00132497070410771,0.0183171016981651,-1.19651406996037
"FCGR2B",-1.05998074074074,9.08848416666667,-3.39829357093083,0.00134239376660961,0.0183171016981651,-1.20844579892758
"CDC20",0.725760582010583,6.260399375,3.39807717798101,0.00134325412453211,0.0183171016981651,-1.2090309300543
"IGF2R",-0.366737883597887,8.84129375,-3.36105132989074,0.00149843491874379,0.0200683248046043,-1.30881392941065
"IRF2",-0.300615714285717,8.41691604166667,-3.30526287443522,0.00176473279343335,0.0232201683346494,-1.45788424676618
"RICTOR",-0.34129021164021,9.16757854166667,-3.29021022230746,0.00184392342869019,0.0238035635062894,-1.4978389323612
"MXI1",-0.456870687830692,7.66604166666667,-3.28491962037253,0.0018725469958281,0.0238035635062894,-1.51185470059408
"CEP55",0.59669423280423,5.91568479166667,3.25259931967349,0.00205674441631824,0.025709305203978,-1.59716732482697
"CD163",-1.05983264550265,11.009139375,-3.23048034954031,0.00219253348367796,0.0269573788976798,-1.65524321697367
"CXCL16",-0.533207830687832,8.57565916666667,-3.20984433612899,0.00232681318118587,0.0281469336433774,-1.70919649961712
"SAMSN1",-0.716475132275132,8.5279675,-3.19217481910017,0.00244791830220307,0.0291418845500365,-1.75521676932475
"P4HA1",-0.564818888888887,8.36593604166667,-3.14660211198932,0.00278826357628559,0.0321338919441505,-1.87314860498137
"CD47",-0.42025047619048,10.5096195833333,-3.14273210253983,0.00281912988594558,0.0321338919441505,-1.88311225497051
"BNIP3L",-0.452559999999998,10.644235,-3.14165439367273,0.00282778249108524,0.0321338919441505,-1.88588547075186
"GLUL",-0.569687830687833,13.6775125,-3.10481666221949,0.00313900793341603,0.0351381485083884,-1.98030102228222
"JAG1",0.662574708994713,9.06580541666667,3.06801788892938,0.00348180544300858,0.0384022659155358,-2.0738778776565
"SMAD5",0.377464814814815,8.72436395833333,3.05334695951979,0.00362801673207157,0.0394349644790388,-2.11097686300445
"CD68",-0.786358412698414,10.5770129166667,-3.04508106618824,0.00371290869041192,0.0397026222507765,-2.13182649243251
"HK2",-0.735207354497353,8.67621729166667,-3.04071321300685,0.00375851490640684,0.0397026222507765,-2.14282844337874
"FPR3",-0.77122306878307,8.1241875,-3.03113181319981,0.00386040085082664,0.0402125088627775,-2.16692515124525
"BRD4",0.307780052910056,9.640664375,3.01738580136719,0.00401109327479384,0.0412098624122655,-2.20140567709628
"BRCA1",0.442691216931216,6.63105666666667,2.99613539519763,0.00425491695550013,0.0428608171652176,-2.25450044487645
"TYMS",0.528756772486774,8.13725854166667,2.99350172655495,0.00428608171652176,0.0428608171652176,-2.26106291580654
"FCGR2A",-0.733960000000003,10.3625075,-2.96650104822278,0.00461811736811406,0.0455735266590203,-2.32811392806512
"CXCR4",-0.688235978835975,9.84913916666667,-2.95225386407477,0.00480284431101627,0.0467809510813273,-2.36332557192212
"TREM2",-0.587254973544974,9.932898125,-2.94058837522065,0.00495920199976286,0.0476846346131044,-2.39206936685498
"SIRPA",-0.38966105820106,10.1267404166667,-2.90953008988905,0.00539890903687033,0.0512554655399082,-2.4682114656347
"ZEB2",-0.4459,11.31978125,-2.88598916232481,0.0057560600672815,0.053963063130764,-2.52554761427835
"ADM",-0.823078730158731,9.42129583333333,-2.86297787055886,0.00612628015571318,0.0567248162566035,-2.58127708993835
"FCGR3A/B",-0.637811164021167,10.2988197916667,-2.85573171699882,0.0062473591132231,0.0570494437046398,-2.59876082223096
"WDR76",0.506352063492064,6.35103541666667,2.847769526594,0.00638295929956535,0.0570494437046398,-2.61793603944892
"AKT1",0.264459682539682,10.4643433333333,2.8470899404388,0.00639465848083916,0.0570494437046398,-2.619570917597
"FCGR1A",-0.569985608465608,8.846895,-2.83373698747844,0.00662860163791349,0.0570494437046398,-2.6516378236265
"IRF8",-0.600465396825397,7.86121916666667,-2.8329576146028,0.00664249811994955,0.0570494437046398,-2.65350616318461
"UBE2T",0.531646349206346,6.35679916666667,2.83106368297612,0.00667638009253049,0.0570494437046398,-2.65804483610073
"IL18",-0.674396931216932,8.01110458333333,-2.83009333091432,0.00669380139467773,0.0570494437046398,-2.66036937835058
"TP53",0.425783068783067,8.86358583333333,2.81124047721388,0.00704074256824662,0.0590801344564339,-2.70541970660437
"ERO1A",-0.558201322751325,9.157739375,-2.8053843221422,0.0071518513810073,0.0590801344564339,-2.71936958223764
"IFNGR1",-0.365847671957672,10.9978535416667,-2.80142777627271,0.00722783432500303,0.0590801344564339,-2.72878261691901
"FLNB",-0.560152751322747,9.270943125,-2.80037658056726,0.00724814698473921,0.0590801344564339,-2.73128191836078
"MS4A4A",-0.806916772486769,9.810453125,-2.79191301000903,0.00741362488380254,0.0590801344564339,-2.75138017650943
"IL10",-0.663777513227513,5.592065625,-2.78833682118088,0.00748458929902079,0.0590801344564339,-2.75985932662325
"CDKN2B",-0.714593333333331,6.55730791666667,-2.78681267139302,0.00751502418858435,0.0590801344564339,-2.76347071094498
"GBP2",-0.67096042328042,9.45654333333333,-2.7801542722832,0.00764932722472221,0.0590801344564339,-2.77923071481428
"PFKFB3",-0.354899100529101,9.608546875,-2.77744933795272,0.00770451736488056,0.0590801344564339,-2.78562535467113
"S100A8",-0.946585555555554,8.309165625,-2.77670327407328,0.00771980423564069,0.0590801344564339,-2.78738830757395
"PDGFRB",0.720652857142861,8.45723104166667,2.7681739370805,0.00789657157817194,0.059822511955848,-2.80751885583538
"ATF3",-0.61056767195767,9.06368520833333,-2.76235207244745,0.00801936416263381,0.060115604453213,-2.82123362394942
"SOX10",-1.33168095238095,8.93748708333333,-2.75878029202659,0.00809556806636601,0.060115604453213,-2.82963743773102
"CCNA1",-0.577017142857143,6.32289833333333,-2.75195849640517,0.00824296967014336,0.0606100711039953,-2.84566608602978
"MMP1",-0.936632116402118,5.92842729166667,-2.7410532340776,0.00848375103299082,0.0617748861625545,-2.87122943679106
"ITGB2",-0.655351375661374,10.6832077083333,-2.73317268588372,0.00866176324864538,0.0619046459840034,-2.88965645731863
"BRCA2",0.514066878306876,6.88407833333333,2.73295844208086,0.00866665043776047,0.0619046459840034,-2.89015688171526
"GPR160",-0.453852539682541,6.76345604166667,-2.70180024111183,0.00940505301480337,0.0665451864254955,-2.96262952245137
"NOD2",-0.529298306878306,6.37054875,-2.6963313902028,0.00954047185777352,0.0666475299274077,-2.97528692004046
"OLR1",-0.75152476190476,8.37059875,-2.68811307754151,0.00974734333780327,0.0666475299274077,-2.99427231035027
"KDR",0.658413280423276,6.82513270833333,2.6851487772187,0.00982296587971393,0.0666475299274077,-3.00110975369251
"TLR1",-0.498632063492066,7.64114041666667,-2.68356873861081,0.00986349407833497,0.0666475299274077,-3.00475199060754
"TLR8",-0.612479947089947,6.35275145833333,-2.68355549488788,0.00986383442925634,0.0666475299274077,-3.0047825127813
"SFRP4",1.0491235978836,7.76417916666667,2.67370108656439,0.0101200921269033,0.0677684740640844,-3.0274626470777
"RASGRF1",-0.765456825396824,7.77325625,-2.65950449611211,0.0105000112412745,0.0696903400969547,-3.06002780204026
"BAMBI",-0.665594656084654,8.07796729166667,-2.63826981896579,0.0110927197549988,0.0729784194407816,-3.10849692418273
"HSD11B1",-0.634849365079369,5.631904375,-2.6282588871722,0.0113826349347836,0.0742345756616324,-3.13124685214628
"CD28",-0.777917460317458,5.71795666666667,-2.62447573255271,0.011493986931843,0.0743145706800195,-3.1398272760251
"TMEM140",-0.529887671957679,8.42696770833333,-2.62024635717303,0.0116196512812489,0.0744849441105699,-3.14940880710186
"CSF1R",-0.597383439153436,10.7600289583333,-2.61531269360262,0.011767827764451,0.0747955154520192,-3.16057125738982
"TNFRSF10C",-0.597243968253967,6.74940979166667,-2.60698562315792,0.0120218420663594,0.0756540777551315,-3.17937552369641
"C5AR1",-0.733003597883597,6.464335,-2.60430565648957,0.012104652440821,0.0756540777551315,-3.18541787098656
"BCL2",-0.317937354497352,7.93156166666667,-2.58217082561652,0.0128087832476202,0.0793932845926869,-3.23514486694761
"SNCA",-0.750446666666669,8.75291041666667,-2.5708263349392,0.0131839560754252,0.0810489102997451,-3.26050659702878
"NFIL3",-0.390949470899475,9.05953854166667,-2.55707573822828,0.0136521071545951,0.0828006232995092,-3.2911339806376
"FZD8",0.454975873015872,6.3569225,2.55599017000902,0.0136897030521855,0.0828006232995092,-3.29354661144626
"FCAR",-0.688605661375662,6.06024645833333,-2.54078272082854,0.0142263695435927,0.0848112363858926,-3.32726261132434
"GNLY",-0.662764973544973,5.91921708333333,-2.54017278148865,0.01424828771283,0.0848112363858926,-3.32861169454593
"TLR2",-0.540427724867726,9.03764083333333,-2.53561676659684,0.014412981345222,0.0851160315662719,-3.3386810201378
"NDUFA4L2",0.608246243386244,7.55107375,2.48744265661903,0.0162632395262015,0.0952924190988367,-3.44430352174404
"OAS3",0.612266772486771,8.69768625,2.48372983323649,0.0164144050233261,0.0954325873449192,-3.45237926724963
"TNFAIP3",-0.560341746031746,6.87885729166667,-2.46991427649628,0.0169881302772748,0.0980084439073544,-3.48234757258976
"HDAC11",-0.54070984126984,8.15096166666667,-2.46632190363462,0.0171402529358041,0.0981312190981152,-3.49011886164806
"MRC1",-1.00105142857143,7.4918,-2.45750222035707,0.0175189660963899,0.0994987601735817,-3.50916108058241
"GNG4",0.673483862433862,6.25445229166667,2.4546179194946,0.0176444468041152,0.0994987601735817,-3.51537697465477
"COL11A1",0.975214708994708,6.90417541666667,2.44767157257957,0.0179499827481555,0.100466321351617,-3.53032362497102
"SRP54",-0.224262328042323,8.23233625,-2.43933757099561,0.0183228504597693,0.100670274351263,-3.54821265468089
"NOTCH2",0.294124285714284,10.0493339583333,2.43894413014622,0.0183406246643093,0.100670274351263,-3.54905600584318
"MAP3K8",-0.722973492063494,8.67120979166667,-2.4378727734563,0.0183891034481641,0.100670274351263,-3.55135195091463
"CCND2",0.575694603174597,10.4993158333333,2.42348115856269,0.0190516160971437,0.103541391832303,-3.58211726484192
"DLL4",0.460665185185185,5.9009275,2.41781372630826,0.0193183609552399,0.104235760549855,-3.59419362194565
"FPR1",-0.636788888888885,9.06092291666667,-2.41270944317336,0.0195614732034695,0.104341115196731,-3.60505106644469
"THY1",0.599364603174607,9.88337354166667,2.41110148121055,0.0196386272385724,0.104341115196731,-3.60846767975883
"PPARG",-0.494621164021164,6.21954083333333,-2.40472525091742,0.0199472773368543,0.104341115196731,-3.62199837943927
"TGFBR1",-0.311470846560844,10.0183314583333,-2.40401098837608,0.0199821225087892,0.104341115196731,-3.6235123324683
"FAS",-0.442666031746032,6.2045175,-2.40296000415169,0.0200334941177723,0.104341115196731,-3.62573936018346
"CTSS",-0.66855767195767,11.0447791666667,-2.39361623664259,0.0204954597603194,0.105393212225263,-3.64550510758662
"CDH2",0.422731058201057,10.774878125,2.39319429049588,0.0205165453131845,0.105393212225263,-3.64639626171626
"CD45RO",-0.544542063492063,8.47026270833333,-2.38912413073254,0.0207209428008104,0.105719095922502,-3.6549861311539
"NRAS",0.213797248677247,9.50452,2.38130046413295,0.0211189790998223,0.107021853546397,-3.67146525686574
"LY96",-0.518771269841274,8.80939354166667,-2.3760381969789,0.0213905483825067,0.107670545549531,-3.68252529491889
"ITGAM",-0.466348042328042,6.97997208333333,-2.3688027941265,0.0217690596756314,0.108845298378157,-3.69770086157018
"NID2",0.708156402116403,7.35862083333333,2.35440129187219,0.0225403744613316,0.111955502291382,-3.72779768542478
"IL1RN",-0.606024179894179,4.98121520833333,-2.340761306668,0.023293375475358,0.114751333407091,-3.75616886891964
"CLEC7A",-0.534214179894178,8.300835,-2.33869707085429,0.0234092720150466,0.114751333407091,-3.76045107526118
"DUSP1",-0.662358359788362,11.654494375,-2.3174817848495,0.0246306185678568,0.119212677035,-3.80428727144499
"ITGAX",-0.521271216931217,9.44824875,-2.31539010459632,0.0247540629484956,0.119212677035,-3.8085919609932
"APOE",-0.419859788359787,13.5405479166667,-2.31467763022718,0.0247962368232801,0.119212677035,-3.81005752840623
"AREG",-1.08854280423281,5.37939895833333,-2.31100804942998,0.0250144693581151,0.119495872729849,-3.81760018716733
"HES1",0.458324285714286,8.186103125,2.30400038545847,0.025435984709036,0.119890832156439,-3.83197753668623
"PALMD",-0.390895396825396,7.76037895833333,-2.30203918215529,0.0255550808355591,0.119890832156439,-3.83599500233851
"PRKACB",-0.347149259259258,10.0648152083333,-2.30168386635416,0.0255767108600403,0.119890832156439,-3.83672256290254
"IL10RA",-0.556722486772484,8.419833125,-2.29643743951846,0.0258979941314105,0.120642829804707,-3.84745490863152
"VHL",0.204480476190474,7.25794979166667,2.28203232116811,0.026798703667906,0.123934556650202,-3.87682165005099
"IL6R",-0.383115978835978,7.61324583333333,-2.27988844331264,0.0269351103119772,0.123934556650202,-3.88117953603165
"TNFSF9",-0.411734232804234,4.58359854166667,-2.26714333605002,0.0277588522219952,0.126945970527417,-3.90701859208817
"H2AFX",0.33664597883598,7.926928125,2.25103856396331,0.0288316959965529,0.131053163620695,-3.93950177580618
"A2M",-0.502105291005291,12.7486229166667,-2.2472104849038,0.0290920578873008,0.131440020575154,-3.94719544216886
"IL1A",-0.43891031746032,6.493204375,-2.24243154757767,0.0294200155228784,0.13212581821652,-3.95678526478386
"CD84",-0.547630317460316,9.02105270833333,-2.2335617260005,0.0300374061733617,0.132764444322423,-3.97454034746407
"SYK",-0.477420529100531,8.17171,-2.23160687930725,0.0301750078659734,0.132764444322423,-3.97844576689739
"PDZK1IP1",-0.555625978835979,5.35023895833333,-2.23120641789928,0.0302032651251193,0.132764444322423,-3.97924547163689
"CXCR2",-0.479953597883598,5.87880895833333,-2.22856896397949,0.0303899543736246,0.132764444322423,-3.98450944611037
"SERPINA1",-0.590449259259261,8.429355625,-2.22744870968319,0.0304695588683534,0.132764444322423,-3.98674378075591
"EPCAM",-0.478142751322752,4.66486041666667,-2.22527802134818,0.0306243318237056,0.132764444322423,-3.99107059650419
"TSLP",-0.458505396825396,5.58227166666667,-2.22094191559283,0.0309355857692458,0.133343042108818,-3.99970345413779
"CD86",-0.42717031746032,7.24051479166667,-2.21157321859729,0.0316176572870818,0.135141665785726,-4.01830902713111
"API5",-0.148831904761902,10.092740625,-2.20699989586354,0.031955410857251,0.135141665785726,-4.02736804885494
"NECTIN1",-0.514530899470898,8.56337541666667,-2.2062504394594,0.0320110633000464,0.135141665785726,-4.02885114411244
"P4HA2",-0.392927407407408,7.09937833333333,-2.2054093505847,0.0320736220131457,0.135141665785726,-4.03051508110611
"DEPTOR",-0.442866772486775,7.92781458333333,-2.19688871413264,0.0327134830216825,0.137067666291966,-4.04734236632704
"CXCL5",-0.694101111111113,5.991668125,-2.19290013257795,0.0330168582877339,0.137570242865558,-4.05520107369674
"PIK3R5",-0.488175661375662,8.021145,-2.18610167977182,0.0335396762227643,0.138693764837051,-4.0685691498072
"GOT2",-0.273055396825397,9.17423395833333,-2.18459722628349,0.0336563536004577,0.138693764837051,-4.07152282718657
"CCL7",-0.747028359788361,5.76502416666667,-2.17556506922118,0.0343643865811054,0.140699041381039,-4.08922053137183
"ELOB",0.332064074074072,6.755059375,2.17362505037941,0.0345181648188149,0.140699041381039,-4.09301398034651
"RNLS",-0.423640211640211,6.45056333333333,-2.16113439572243,0.0355228327459081,0.144011484105033,-4.11737123051872
"SIRPB2",-0.4663082010582,7.110646875,-2.14872542844048,0.0365462905317668,0.147364074724866,-4.14145481150929
"HDAC3",0.211563915343911,8.28459708333333,2.1391205283953,0.0373561586733995,0.149373791106628,-4.16001769217412
"LYZ",-0.843893227513229,10.80876625,-2.13810112118148,0.0374430303040615,0.149373791106628,-4.16198381687354
"TBXAS1",-0.476265185185188,8.9138975,-2.12964034712637,0.038170900037094,0.151471825544024,-4.17827216979763
"CCNE1",0.304292539682541,6.46828645833333,2.12712676261775,0.0383895153892469,0.151537560747027,-4.18310093382405
"PDK1",-0.328351640211642,8.51247791666667,-2.11982397623345,0.0390308966605308,0.153262683221979,-4.19710328848101
"CCL3/L1",-0.900586243386241,10.180005,-2.1092161885723,0.0399792429659386,0.155867344563799,-4.21737153039828
"HLA-DOA",-0.45092894179894,7.18871104166667,-2.10529857585681,0.0403345401982866,0.155867344563799,-4.22483555038555
"LAIR1",-0.523143544973548,8.80557270833333,-2.10345078055293,0.0405030762499447,0.155867344563799,-4.22835205590859
"ISG15",0.662173968253969,10.2245333333333,2.10145768547847,0.0406855542338655,0.155867344563799,-4.23214220181357
"LILRB2",-0.466427089947092,7.30361,-2.09973603020056,0.0408437580307102,0.155867344563799,-4.23541376272663
"LILRA1",-0.41961671957672,6.66243416666667,-2.0986789905604,0.0409411558387577,0.155867344563799,-4.23742128856096
"IL1B",-0.700104814814814,6.99915770833333,-2.08652305728043,0.0420758821157556,0.159378341347559,-4.26044729968442
"ERBB2",0.404067830687826,8.19892291666667,2.08287517944735,0.0424217084820556,0.159880810862019,-4.26733543825291
"CCR5",-0.423319470899471,6.65559708333333,-2.08034744365211,0.0426627935072699,0.159985475652262,-4.27210256134283
"SGK1",-0.44801825396825,11.079046875,-2.06664747748602,0.0439903098454845,0.164142947184644,-4.29785555904138
"PIAS4",0.202240158730158,8.31817770833333,2.05905551778236,0.0447413263187982,0.166118785837122,-4.31206552251281
"LILRA5",-0.577335238095238,5.8367375,-2.05251109280886,0.0453976353135381,0.167725253621446,-4.32427964087774
"PVR",0.305803386243387,7.19498583333333,2.03787011368378,0.0468962461263353,0.171627467079553,-4.35148650488648
"ITPK1",-0.34958126984127,9.89852958333333,-2.03561242351532,0.047131113015941,0.171627467079553,-4.35566733446621
"ARG2",-0.283689047619047,6.81027729166667,-2.03259500150281,0.0474466057150976,0.171627467079553,-4.36124896227961
"EGFR",1.27910338624339,10.7073404166667,2.03192970805416,0.0475164124686632,0.171627467079553,-4.36247868492135
"TAPBPL",-0.238472698412696,7.70924958333333,-2.03115304322564,0.0475980175367293,0.171627467079553,-4.36391383686042
"CCL4",-0.876578253968255,8.442801875,-2.01349310751945,0.0494865963103197,0.176945766461434,-4.3964217617862
"TLR5",-0.386160529100528,6.90309708333333,-2.01295803566693,0.0495448146092015,0.176945766461434,-4.39740296972978
"TAP2",0.27968021164021,8.3172125,2.00664684100317,0.0502359802067878,0.178511429440356,-4.40895973632363
"ICAM1",-0.53816402116402,8.46363416666667,-2.00462431003719,0.0504592307218072,0.178511429440356,-4.412656812335
"HLA-DRA",-0.508153439153439,12.6717875,-1.98578986944317,0.0525796494098531,0.184374641690492,-4.44693357443542
"CXCL3",-0.617208042328043,6.66883,-1.98554050018118,0.0526082310956872,0.184374641690492,-4.4473855617709
"ALDOA",-0.266877248677249,12.8204958333333,-1.96626548672595,0.0548583125275891,0.19136620649159,-4.48217604681185
"VCAM1",0.448082275132275,8.634204375,1.95843476893038,0.0557957848211482,0.193539495898816,-4.49622764574474
"ANGPTL4",-0.61278687830688,9.19824833333333,-1.95676521934352,0.0559974274800574,0.193539495898816,-4.49921734204976
"CTAG1B",0.498494993650794,2.16537499583333,1.94825308471032,0.0570352418983068,0.196222162494175,-4.51442639135191
"ARID1A",0.161807195767196,9.3029875,1.94359124235864,0.0576105772790947,0.197296497531146,-4.52273195223519
"GPSM3",-0.346492116402114,8.43058770833333,-1.9301975039779,0.0592912788535848,0.20212935972813,-4.54649966824427
"PTPRC",-0.462303756613754,7.73806604166667,-1.92340893984233,0.0601590286905958,0.204159599628719,-4.55849252274068
"CDKN1A",-0.415307248677246,9.73210729166667,-1.87629876741955,0.0664846832838439,0.22399435528426,-4.64071771198537
"IER3",-0.695812116402116,7.90224520833333,-1.87472014205758,0.0667060795592159,0.22399435528426,-4.64344258660953
"TGFBR2",-0.391939841269835,8.708788125,-1.87334357992182,0.066899647444899,0.22399435528426,-4.6458170620238
"SELL",-0.469424179894181,6.32115270833333,-1.8690351951514,0.0675085609237319,0.22502853641244,-4.65323899147543
"NOS2",0.531888095238095,4.38344895833333,1.86380260745622,0.0682544059103414,0.226400544852877,-4.66223315039107
"TNFAIP6",0.352633809523808,7.28940270833333,1.86192385345092,0.0685238982421374,0.226400544852877,-4.66545717012027
"NCAM1",-0.331170582010582,11.1475641666667,-1.85753600775068,0.0691568112793146,0.22664065635649,-4.672975933134
"MLH1",0.137874550264554,8.282100625,1.85723129363804,0.0692009470741817,0.22664065635649,-4.67349750358683
"TNFSF8",-0.388158571428574,6.426589375,-1.84110230296101,0.0715713771025727,0.232423423594678,-4.70099914649906
"CD14",-0.519765714285715,10.5385741666667,-1.8410014348407,0.071586414467161,0.232423423594678,-4.70117048253539
"IL18R1",-0.48513105820106,4.41530520833333,-1.83036752080826,0.0731867422575405,0.235869014090029,-4.71918764788474
"CASP9",-0.155393439153441,7.39472166666667,-1.82546559943518,0.0739345400808875,0.235869014090029,-4.7274624709925
"CXCL6",-0.726306719576717,5.883834375,-1.82477392043971,0.0740405734224516,0.235869014090029,-4.7286285242905
"RASAL1",-0.47279158730159,5.85745854166667,-1.82409055624077,0.074145457854068,0.235869014090029,-4.72978018255031
"PTPN11",-0.177468783068784,11.0955166666667,-1.82360462137306,0.0742201164336624,0.235869014090029,-4.73059888918793
"TWIST1",0.569955767195766,4.81578583333333,1.81826691892246,0.0750443702258906,0.23656652364107,-4.73957938684504
"HLA-DMA",-0.457735238095237,10.1823291666667,-1.8180988801631,0.0750704435020995,0.23656652364107,-4.73986173389609
"GOT1",-0.374366031746034,8.46364625,-1.81351399835385,0.0757847902520382,0.237506136337081,-4.74755670418738
"TRIM21",-0.261385132275135,7.50496229166667,-1.81212732110116,0.0760019636278661,0.237506136337081,-4.74988067788171
"MET",-0.689945343915342,7.82264479166667,-1.79229757177618,0.0791652240634515,0.245738704564494,-4.78294412290347
"THBD",-0.65428925925926,6.22977229166667,-1.79151870575439,0.0792916886728102,0.245738704564494,-4.78423628776578
"HLA-DMB",-0.44377947089947,9.479255,-1.78926843843087,0.0796580162234487,0.24585807476373,-4.78796679621054
"SERPINH1",0.344551957671957,7.77305666666667,1.77976747901722,0.08122036588205,0.249652763981711,-4.80367229355852
"CRABP2",0.410276613756611,6.79756583333333,1.77721391890396,0.0816446194432028,0.2499325084996,-4.80788094815303
"RAD51",0.300571534391533,5.83261291666667,1.76965468751831,0.0829113963380632,0.252778647372144,-4.82030864402284
"ID4",0.387690476190484,9.99224541666667,1.76018465118083,0.0845215007213378,0.256644232959528,-4.83581215686139
"ITGA2",-0.319891534391536,8.15823625,-1.74872182496096,0.0865052053138528,0.261608483812055,-4.85448024260018
"HLA-DPA1",-0.466623227513232,10.9883739583333,-1.72323314829296,0.0910552073446873,0.274262672724962,-4.89560514129849
"GZMH",-0.415564814814815,5.13683145833333,-1.71465776044063,0.0926298973617733,0.277298170052009,-4.90932126058528
"MAGEA12",-0.431485555555553,4.12761270833333,-1.71340278629825,0.0928622258202576,0.277298170052009,-4.91132348381451
"ITGA1",0.413277513227517,7.70992479166667,1.71173250859812,0.093172185137475,0.277298170052009,-4.91398628251714
"PCK2",-0.238812645502647,7.42106645833333,-1.70858935815449,0.0937577900384372,0.277378641337947,-4.91899093850916
"MAML2",0.256751269841268,7.971896875,1.70762056212693,0.0939388998664515,0.277378641337947,-4.92053185421186
"NKG7",-0.496230158730161,6.68446625,-1.70560459320155,0.0943166981459902,0.277402053370559,-4.92373586649092
"CD276",0.262948306878304,9.98944270833333,1.69089126022945,0.0971121740087114,0.284508322291147,-4.947018381776
"C1QB",-0.448216666666667,11.8288114583333,-1.68785876905798,0.097696738792165,0.285107214374022,-4.95179477540867
"SHC2",0.330135608465604,7.876759375,1.68065073396637,0.0990978441008203,0.286304798176107,-4.96311738339187
"SNAI1",-0.28835529100529,6.29319395833333,-1.67936653542414,0.0993491938717358,0.286304798176107,-4.96513012257665
"C1QA",-0.471615079365082,10.9080860416667,-1.67793476842226,0.0996300441192353,0.286304798176107,-4.96737253463518
"CD69",-0.452046402116403,6.65568104166667,-1.67723086819623,0.0997683577150785,0.286304798176107,-4.96847434897395
"IL15",-0.390492222222219,5.36371479166667,-1.67597354428652,0.100015809496187,0.286304798176107,-4.97044141361493
"NFAM1",-0.363597989417987,6.50747708333333,-1.67229183235391,0.100743302243113,0.28729078586439,-4.97619384878702
"CD96",-0.416886243386243,5.14361958333333,-1.66469796155514,0.102257546630287,0.288601445280442,-4.9880232018454
"PC",-0.221048624338625,8.69982395833333,-1.66145462581829,0.102909941917822,0.288601445280442,-4.99306089032543
"IRF1",-0.319200529100527,8.57338541666667,-1.66039229585714,0.103124369092702,0.288601445280442,-4.99470904302504
"ROBO4",0.279739365079364,5.96751291666667,1.6569751791887,0.103816584192901,0.288601445280442,-5.00000415698633
"HMGB1",0.206707142857141,7.63100229166667,1.65686388076935,0.10383919404885,0.288601445280442,-5.00017645979312
"ADGRE1",-0.359469206349207,5.64441333333333,-1.65525525318416,0.104166431125188,0.288601445280442,-5.00266564810542
"UBA7",0.343341058201059,7.98429125,1.65508390552976,0.104201337422297,0.288601445280442,-5.00293066413564
"TNFRSF1B",-0.455173174603178,8.00823604166667,-1.6546914540566,0.104281322228,0.288601445280442,-5.00353755967843
"IRF3",0.190384126984123,8.44523583333333,1.64397317806879,0.106485286836909,0.293617518851771,-5.02006285729602
"IFNAR1",-0.176702962962967,9.15995791666667,-1.63955585127822,0.107404610909282,0.294455579151465,-5.0268455136522
"LY9",-0.371224021164024,5.27709125,-1.63604340402873,0.108140227257917,0.294455579151465,-5.03222711196456
"LRRC32",0.305856719576719,7.03005583333333,1.63602663434027,0.108143749186006,0.294455579151465,-5.03225278089399
"HLA-DPB1",-0.418129735449735,10.8638825,-1.6339876843711,0.108572661929888,0.294455579151465,-5.03537199483146
"ATM",-0.161294920634921,9.55029208333333,-1.63179270568059,0.109035945714689,0.294455579151465,-5.03872601322595
"CSF2",-0.337702169312171,4.42923729166667,-1.63127774969403,0.109144868005477,0.294455579151465,-5.03951230293577
"HLA-E",-0.314491640211642,11.5624508333333,-1.62457695851351,0.110570301527374,0.296778463993925,-5.04972352516558
"TNFRSF18",-0.295136560846561,4.41722854166667,-1.62351639678297,0.110797293224399,0.296778463993925,-5.05133624618258
"PVRIG",0.258933015873016,6.37548125,1.61956794807108,0.11164571345658,0.29798677968838,-5.05733207372746
"S100A12",-0.451736719576719,5.56777333333333,-1.61542518323481,0.112541556994282,0.299312651580537,-5.0636089026726
"CD7",-0.336661851851851,4.15794770833333,-1.60707492776602,0.114364983768336,0.303087412813611,-5.07621678331982
"RIPK1",0.154508624338623,8.12761729166667,1.59352591419082,0.117374558526937,0.308948733711272,-5.09654924056246
"CD209",-0.532504867724869,6.08792125,-1.5934102712526,0.117400518810283,0.308948733711272,-5.09672211497796
"MMP9",0.721517460317463,6.93601166666667,1.58678176962882,0.118896305387661,0.311791010631979,-5.10661217638603
"MMRN2",0.297258677248673,6.76124895833333,1.57601741856898,0.12135814403558,0.317138007061621,-5.12259400123827
"SIGLEC8",-0.409298518518517,5.73409958333333,-1.57387421529225,0.12185317150682,0.317325967465677,-5.12576430621377
"HCK",-0.34829164021164,8.81538833333333,-1.5699253357163,0.122769524426621,0.318606032249016,-5.13159544160128
"DAB2",-0.386594074074074,9.0051775,-1.55203014379638,0.126991895863272,0.327992717593345,-5.15785460639986
"GLS",0.322935132275129,7.58837291666667,1.55090518254459,0.127261174426218,0.327992717593345,-5.15949626674234
"BRD3",0.127876349206346,9.26750520833333,1.54787291495862,0.127989279231213,0.328739587066472,-5.16391590220193
"HDC",-0.395808042328043,5.5240675,-1.54214597191971,0.129373527588056,0.331160906795364,-5.17224176016347
"EIF2AK2",0.210250000000002,9.56110229166667,1.53858351991883,0.130240627577525,0.332246498922258,-5.17740676766723
"PF4",-0.34767015873016,4.67783458333333,-1.53227567709341,0.131787347047004,0.333481503613163,-5.18652561093465
"RAD51C",0.174676084656085,6.97813625,1.53196174523471,0.131864706482904,0.333481503613163,-5.18697855473208
"SLC1A5",-0.329128306878307,8.31044104166667,-1.53117524707506,0.132058675430812,0.333481503613163,-5.18811295196651
"IL16",-0.318713756613757,7.64395875,-1.51759826914876,0.135443106346286,0.340880301207095,-5.20761220454726
"LILRA3",-0.380427354497355,4.847894375,-1.51022833520564,0.137308967875749,0.344420487982648,-5.21813082464183
"MX1",0.524789470899469,9.19244645833333,1.48841817881328,0.14295050693685,0.357376267342126,-5.2489858913598
"HNF1A",-0.405215238095239,4.15353833333333,-1.47696176281032,0.145986473213046,0.363322904838553,-5.26502943736516
"CD44",-0.286582169312171,11.5022689583333,-1.47579677876126,0.146298023014991,0.363322904838553,-5.26665453964175
"FADD",0.176751322751325,6.95448166666667,1.47353201204971,0.14690518568318,0.363626697235594,-5.26981043908865
"NBN",0.125839100529102,9.297756875,1.46713474388706,0.148630961084836,0.366688226360616,-5.27870095553135
"TLR9",-0.297971111111113,5.12469458333333,-1.43870183870525,0.156494882112245,0.384823480603881,-5.3177866275743
"TNFRSF9",-0.285784021164021,4.86373458333333,-1.43656660685887,0.15709832837197,0.385044922480319,-5.32069354377639
"TYMP",-0.393010582010582,9.30510583333333,-1.43188811116141,0.158426888390102,0.387036372288522,-5.32704901819107
"BBS1",0.172836719576718,7.80690208333333,1.42378299042743,0.160749236740536,0.390836989827829,-5.33801429853228
"CXCR6",-0.375691164021166,5.43988895833333,-1.42282718736145,0.161024839809065,0.390836989827829,-5.33930361788007
"SAMD9",0.269089153439149,8.516903125,1.40972537751147,0.164839879641901,0.398806160423954,-5.35689686231947
"NCR1",-0.312207142857144,5.299240625,-1.39569590066113,0.169002389583519,0.407562032757682,-5.37556958738742
"RELB",-0.233531058201057,7.223416875,-1.39368987289525,0.169604155537471,0.407702296965075,-5.37822546837771
"GLI1",0.41998365079365,5.300219375,1.38612188857199,0.171889300864297,0.411776718493956,-5.38821337000017
"PLOD2",-0.297233227513232,9.06648916666667,-1.38445041758998,0.172397186142803,0.411776718493956,-5.39041253775942
"CXCL1",-0.5227564021164,6.56088666666667,-1.375656065799,0.175088465107875,0.416435660946374,-5.40194295903253
"RPTOR",0.132285978835981,8.15627895833333,1.37445593483924,0.175458225145405,0.416435660946374,-5.40351120521189
"LOXL2",0.248346719576721,6.78706979166667,1.37060853684445,0.176647654238783,0.417541554247957,-5.40853018076618
"ENO1",-0.202422751322743,12.58635625,-1.36935146494406,0.177037619001134,0.417541554247957,-5.41016722565468
"CD80",-0.271372380952379,6.06494875,-1.35923575937568,0.180199768910907,0.423667168285831,-5.42328998451488
"CCL5",-0.424163756613757,7.89186645833333,-1.35658513794885,0.181035455307819,0.424301848377701,-5.4267136488058
"C5",0.175125873015873,6.98492354166667,1.35462086121609,0.181656661422615,0.424431451921998,-5.42924680499551
"CCL22",-0.327049365079364,4.87744854166667,-1.34861049868682,0.183567572218595,0.427043864066438,-5.43697671522074
"CD274",-0.242296613756616,6.52810625,-1.34456185064867,0.184863406415863,0.427043864066438,-5.44216570472361
"BAD",0.168532539682536,8.18235145833333,1.34450210856165,0.184882579902573,0.427043864066438,-5.44224216542202
"IL12RB2",-0.352344391534391,5.38279770833333,-1.34245076561345,0.185541853256632,0.427043864066438,-5.4448656573532
"PRKCA",0.158796084656085,9.68877708333333,1.34220259583201,0.185621732914212,0.427043864066438,-5.44518279324692
"MTOR",0.11891544973545,8.36175375,1.33744554596641,0.187157977410865,0.429261416079965,-5.45125130375473
"CD38",0.219372222222224,7.37832354166667,1.33449494331972,0.188115696350766,0.430142598363032,-5.45500530056228
"HRAS",0.166104550264548,8.52743333333333,1.3313822910149,0.189130047506327,0.431147524710473,-5.45895712425849
"DTX4",-0.255721216931216,7.434430625,-1.32860820810306,0.190037562067351,0.431903550153071,-5.46247187518273
"IRF7",0.262650582010582,8.06989666666667,1.325014163092,0.191218229099248,0.433219818243466,-5.46701538316652
"IFI6",0.429328253968251,11.4898533333333,1.32333431732021,0.191771972875774,0.433219818243466,-5.4691350816579
"GZMA",-0.493880317460319,5.15192041666667,-1.32054815390126,0.192693080735726,0.433993425080463,-5.47264526437047
"CASP3",0.161133121693119,8.462135,1.31272549285986,0.195297162836743,0.437353033099082,-5.48246394839111
"CCL13",-0.382929576719575,4.69419020833333,-1.31256453617959,0.195351021450923,0.437353033099082,-5.48266540458882
"RORC",-0.317379100529102,4.12262854166667,-1.30586307634464,0.197603405368236,0.441079029839813,-5.49103265215865
"CSF3R",-0.306481216931219,8.050178125,-1.30327436601142,0.198478703727411,0.441718183369609,-5.4942541580509
"SIGLEC5",-0.275257724867723,5.802395625,-1.2909578924826,0.202683206146207,0.446404789220613,-5.5094996860504
"TNFRSF8",-0.34233962962963,4.10090729166667,-1.29068268393515,0.202777912655961,0.446404789220613,-5.50983880130874
"FGF13",-0.431743121693121,6.001716875,-1.2902392313779,0.2029305862337,0.446404789220613,-5.51038508690913
"STAT1",0.237114920634918,10.4210333333333,1.29013821241095,0.202965377498972,0.446404789220613,-5.51050950685605
"PTGER4",-0.33230841269841,6.85882604166667,-1.28774187644899,0.203791996502652,0.446790779789953,-5.51345828668451
"ITGAL",-0.281362592592593,7.08426020833333,-1.28617944662802,0.204332316623939,0.446790779789953,-5.5153781583486
"MAGEA4",-0.245640529100529,4.63062291666667,-1.2826699552798,0.205549883820732,0.447097819621385,-5.51968259280356
"CD45RB",-0.277572857142857,6.58680145833333,-1.28233896162858,0.205664997025837,0.447097819621385,-5.52008799383757
"MAP3K7",-0.0906056084656086,9.75058958333333,-1.27514303610842,0.208179544406357,0.451256237875051,-5.52887740046428
"KLRD1",-0.255668359788361,5.06698416666667,-1.27212041182313,0.209242595017953,0.452253447445143,-5.53255557428786
"PIK3R1",0.158754338624338,9.54070645833333,1.26335574480414,0.21234800890038,0.457029142017052,-5.54317496959885
"TNFSF18",-0.302824232804235,6.12310041666667,-1.26226565749015,0.212736624652874,0.457029142017052,-5.54449093179147
"CD5",-0.266508941798942,5.15513395833333,-1.25909126101267,0.213871309664011,0.457029142017052,-5.54831703208115
"HDAC4",0.124099365079363,7.73478875,1.25904008721547,0.213889638463981,0.457029142017052,-5.54837863799344
"SFRP1",-0.282282169312169,6.59918104166667,-1.2546519381301,0.215465677151955,0.457584862717099,-5.55365261890766
"CEACAM3",-0.322006984126983,5.13178583333333,-1.25216355925316,0.216363219681025,0.457584862717099,-5.55663566127422
"PROM1",0.297778359788362,7.17156270833333,1.25064792037871,0.216911258198407,0.457584862717099,-5.55844987414421
"FCN1",-0.419853227513229,5.40168208333333,-1.24921596927539,0.217429980880142,0.457584862717099,-5.56016202148377
"IFI35",0.255364285714284,8.83660479166667,1.24831840390189,0.217755591230404,0.457584862717099,-5.56123428019699
"CCL2",-0.464215449735448,11.3486583333333,-1.24763853028471,0.218002469722995,0.457584862717099,-5.56204599694501
"TAP1",0.208690000000001,9.13144479166667,1.246488602798,0.218420507803629,0.457584862717099,-5.56341797833713
"TIE1",0.22318433862434,6.66601833333333,1.23536664003907,0.22249438319673,0.46482113481211,-5.5766263794919
"PIK3CG",-0.194363544973548,7.403148125,-1.22833052544917,0.225100436036256,0.46868769048667,-5.58492506034724
"NFATC2",-0.220654656084657,8.023579375,-1.22700200388443,0.22559500835425,0.46868769048667,-5.5864869769361
"TBX21",-0.283556137566137,4.57730729166667,-1.22300376551752,0.227088265377708,0.470486737660998,-5.59117804591476
"RBL2",-0.100706507936508,9.46828354166667,-1.21837508232108,0.228826034299525,0.471360257395242,-5.59659083317103
"FYN",0.130240211640212,10.8565791666667,1.2153827168672,0.229954652188563,0.471360257395242,-5.60007983843832
"HERC6",0.312198412698409,7.89889541666667,1.21462518696934,0.230241012527087,0.471360257395242,-5.60096181496586
"BID",0.137390000000001,7.28603854166667,1.21382682748834,0.230543089859003,0.471360257395242,-5.60189076877112
"HMGA1",-0.191241164021166,8.97044541666667,-1.21341051689548,0.230700725469903,0.471360257395242,-5.60237495085959
"CCR4",-0.375733597883598,5.43652604166667,-1.21020009641967,0.231918999991745,0.471360257395242,-5.60610352046266
"CD2",-0.23300513227513,5.75905270833333,-1.20774021687866,0.232855642482819,0.471360257395242,-5.60895412521331
"PGPEP1",0.147042433862431,7.87736375,1.20704896121173,0.233119347238346,0.471360257395242,-5.60975419682242
"IL24",-0.317953174603174,4.47488895833333,-1.20692618553137,0.233166207324846,0.471360257395242,-5.60989625449119
"CXCL11",0.459974338624336,5.75950604166667,1.20498833552372,0.233906742981529,0.471586175365985,-5.61213664318338
"TGFB3",0.227494497354499,8.19182375,1.19728607985539,0.236867082876198,0.475518696833525,-5.62100786295049
"PDCD1",-0.264760846560847,5.00322583333333,-1.19652770677337,0.237160030555157,0.475518696833525,-5.62187843565848
"ADAM12",0.276235608465608,8.16466395833333,1.19354761020153,0.238313750198865,0.475518696833525,-5.62529439624622
"TCL1A",-0.288006613756615,3.509374375,-1.19334232847602,0.238393373345874,0.475518696833525,-5.62552940657896
"CXorf36",0.236649841269841,6.77256125,1.17930457077256,0.243884211014789,0.483369388574253,-5.64150964380704
"ESR1",-0.245307460317462,5.39094645833333,-1.17860813553533,0.244158984213087,0.483369388574253,-5.64229780308211
"MMP7",-0.423627460317461,6.42941145833333,-1.17834549705197,0.244262664359522,0.483369388574253,-5.64259491826416
"COL5A1",0.422741798941793,8.7994775,1.16341096951627,0.250210761590978,0.49267635226096,-5.65938700733955
"IL2RG",-0.306780846560846,6.17665625,-1.16272523860855,0.250486355031366,0.49267635226096,-5.66015316958777
"PSMB8",0.155635449735453,8.71450208333333,1.16160638326384,0.250936488751582,0.49267635226096,-5.66140234181479
"COL17A1",-0.203421322751323,4.08974979166667,-1.15416330919832,0.253945767748889,0.497282835017406,-5.66968338463841
"VCAN",0.251383333333337,10.9052464583333,1.14997314981024,0.255651217534337,0.499318784246752,-5.67432312914846
"PECAM1",-0.191794603174605,9.59644791666667,-1.14826948234409,0.256346972563495,0.499377219279535,-5.67620502503926
"MFGE8",0.166073597883596,9.535996875,1.14550019672673,0.257480801166682,0.500286530764279,-5.6792583815544
"CCL8",-0.334565132275132,6.74318520833333,-1.14042007243361,0.259570067123299,0.503042765742827,-5.6848414666361
"BAX",0.116116666666672,9.79373229166667,1.13661615746035,0.261142375700972,0.504216345317007,-5.68900659696806
"MYCT1",0.18941857142857,5.956919375,1.13455639314738,0.261996584286527,0.504216345317007,-5.69125644973149
"EGF",-0.201948624338623,6.29291770833333,-1.13408465439548,0.262192499564844,0.504216345317007,-5.69177117918964
"NFKB1",-0.113440740740742,8.53593958333333,-1.12907983616226,0.264277446705053,0.505878246656431,-5.69721959907414
"FOSL1",-0.274277195767199,7.63054479166667,-1.12866988019498,0.264448749918831,0.505878246656431,-5.69766487885069
"IFNG",-0.208612169312168,4.40465375,-1.12716034320205,0.26508020124797,0.505878246656431,-5.69930316274097
"PKM",-0.158869841269837,12.94985,-1.12285514487211,0.266886976821784,0.507261340349944,-5.70396412068105
"SELP",0.345296878306879,3.98726520833333,1.12221198974925,0.26715763925097,0.507261340349944,-5.70465896976314
"NF1",0.11120984126984,8.78851458333333,1.11276329103794,0.271156413452223,0.509158238486804,-5.71482354676752
"RUNX3",-0.263368095238097,5.81872354166667,-1.11268870013399,0.271188148215816,0.509158238486804,-5.71490346433166
"BNIP3",-0.194704285714286,8.05869979166667,-1.11261753188977,0.271218429249915,0.509158238486804,-5.7149797100745
"TLR7",-0.227413544973545,6.8929875,-1.11225818906022,0.271371360752371,0.509158238486804,-5.71536461947277
"MAPK10",-0.236156084656086,8.23279458333333,-1.11183613147325,0.271551060526295,0.509158238486804,-5.71581655484039
"OASL",-0.235609100529103,6.81920416666667,-1.10657765522347,0.273797007874002,0.511673478552035,-5.72143361800702
"IFITM2",-0.277946137566143,9.76977291666667,-1.10550445652048,0.274256984503891,0.511673478552035,-5.72257689101811
"IRF4",-0.304776031746033,5.42745395833333,-1.09866601874612,0.277200737470169,0.515704752789833,-5.7298370709176
"CD3D",-0.395052592592593,5.57312958333333,-1.09729643613935,0.277792960169457,0.515704752789833,-5.73128596944646
"LDHA",-0.211597354497357,11.4007479166667,-1.09302420855712,0.279646019583801,0.517862999229261,-5.73579456526204
"TGFB2",0.244858518518518,9.29984625,1.08952852226707,0.281168684520222,0.519400279286125,-5.73947120574256
"CTSW",-0.276543703703703,5.44848416666667,-1.08299882520543,0.284028425228789,0.522437522036998,-5.74630887765648
"CD3E",-0.303003439153437,5.904574375,-1.08116537108961,0.284835038991703,0.522437522036998,-5.74822176823926
"HLA-DRB5",-1.15750379365079,4.96761235416667,-1.08095917206867,0.284925854413666,0.522437522036998,-5.74843670792525
"C2",-0.280899576719575,7.56484208333333,-1.0781551243434,0.286162833288799,0.522437522036998,-5.75135574058514
"PSMB5",0.10352756613757,9.66816520833333,1.07648733415333,0.286900333485781,0.522437522036998,-5.75308849503644
"SLC7A5",0.161989682539684,8.73797395833333,1.07627946678701,0.286992345438991,0.522437522036998,-5.75330428015327
"LILRB4",-0.241898624338624,8.87059583333333,-1.07185637949658,0.288955079443022,0.524736827075706,-5.75788642956904
"CCL21",-0.298712433862435,4.432701875,-1.06885561613439,0.290291955193454,0.525891223176547,-5.76098486260269
"PIK3CA",-0.0964819576719602,8.62388604166667,-1.05842692407922,0.294971380639197,0.533080808384091,-5.77168854363065
"LIF",-0.362988677248676,7.59987791666667,-1.05570207492229,0.296202573457888,0.534019062724558,-5.77446873828611
"CD27",-0.297129417989419,5.36203041666667,-1.05128877941429,0.298204179989168,0.536338453217929,-5.77895715610153
"CCND1",0.177152116402114,9.06510520833333,1.04779149133051,0.299796937243171,0.537913164909995,-5.78250121892258
"RIPK3",-0.226354391534391,4.90416708333333,-1.04059116499669,0.303094535103967,0.541867776704137,-5.78976230966568
"STAT3",-0.125636613756614,10.6253008333333,-1.03982700991721,0.303445954954317,0.541867776704137,-5.79053010426792
"FSTL3",-0.257412539682539,6.29799354166667,-1.03514480391306,0.305605299975495,0.54437810599697,-5.79522283335784
"MAGEA1",-0.205051746031745,4.97328458333333,-1.03118662714098,0.307438907825396,0.54437810599697,-5.79917410465235
"PNOC",-0.401559153439156,4.8327425,-1.03041582674837,0.307796848905377,0.54437810599697,-5.79994187549511
"B2M",-0.180802645502641,14.3722604166667,-1.028752664966,0.308570148792722,0.54437810599697,-5.8015966288231
"MSH2",0.120653703703701,8.448544375,1.02865657842231,0.308614865385937,0.54437810599697,-5.80169215141981
"AXIN1",0.100798201058202,7.24395375,1.02587704436105,0.309910311469447,0.54437810599697,-5.80445167544769
"CD40LG",-0.271781904761904,4.28411791666667,-1.02455218543414,0.310529083473009,0.54437810599697,-5.80576448136592
"PDCD1LG2",-0.222331693121691,6.327789375,-1.0231346356819,0.311192076327175,0.54437810599697,-5.80716733623358
"BCL6B",0.203050634920631,5.754913125,1.02216174939937,0.311647654875788,0.54437810599697,-5.8081290610349
"EIF5AL1",-0.294073544973548,5.85314125,-1.02067252657912,0.312345898231491,0.54437810599697,-5.80959950171167
"IFNGR2",-0.123281058201057,9.89084916666667,-1.01962868349792,0.312835951579592,0.54437810599697,-5.81062895587924
"PTCD2",-0.114324761904764,7.04810708333333,-1.0160542445104,0.314517994889548,0.546038185572131,-5.814146479687
"COL6A3",0.537244761904764,8.24175875,1.01443093322639,0.315283904771946,0.546103761152331,-5.81574003563118
"GIMAP4",-0.183142592592594,9.27727229166667,-1.01275185515092,0.316077453836233,0.546216798104089,-5.81738576741582
"CX3CR1",0.293306031746031,8.95250083333333,1.00369738186257,0.320379958322903,0.552379238487763,-5.82621537433107
"HIF1A",0.153856190476192,11.1625345833333,1.00067156891266,0.321826518323722,0.553600662254108,-5.82914908998721
"CD40",-0.197494444444442,6.96061270833333,-0.993388898359739,0.325326152732939,0.557285546753345,-5.83617525239197
"CD247",-0.262681269841269,3.93175083333333,-0.993122274187873,0.325454759303954,0.557285546753345,-5.83643155097765
"PMS2",0.0956074074074067,8.43925916666667,0.988268069705862,0.327802148563257,0.559768198253053,-5.84108621798768
"CST2",0.272784777777778,2.72498877083333,0.987040955435904,0.328397342975124,0.559768198253053,-5.84225942260723
"MYD88",0.155378677248676,9.10471145833333,0.982366098991785,0.330671427946318,0.562366374058364,-5.84671607611603
"GHR",-0.19194433862434,6.2028275,-0.980310820405587,0.33167453358841,0.562796154278976,-5.84866899014527
"CD8B",-0.280580423280425,5.79226875,-0.977801967038604,0.332901756537519,0.563603425289253,-5.8510475612308
"CD19",-0.201399788359788,4.961655,-0.975177494387443,0.334188764090673,0.564508047450462,-5.85352947820093
"KLRB1",-0.241291058201059,4.55837854166667,-0.968636403350119,0.337410797929319,0.568669884150538,-5.85968735879736
"TGFB1",0.16915158730159,10.3976172916667,0.962194789833988,0.340603869776211,0.572255712422703,-5.86571262956822
"IL7R",-0.356042275132277,6.75716145833333,-0.961269016380343,0.341064404603931,0.572255712422703,-5.86657538800637
"CNTFR",0.303805079365076,6.3549875,0.959140673326347,0.342124726312931,0.572753448068522,-5.86855582917385
"SERPINB5",0.185672962962965,3.46471770833333,0.95416037866555,0.344614345195141,0.574293159696405,-5.87317352160471
"LCK",-0.265439841269843,5.799794375,-0.952659660083855,0.345366874622951,0.574293159696405,-5.87456043847592
"KAT2B",-0.127812063492065,10.5674533333333,-0.951710941277164,0.345843162407172,0.574293159696405,-5.87543612989703
"ARNT2",0.156922962962964,10.2742491666667,0.951185086668717,0.3461073442437,0.574293159696405,-5.87592114502087
"SFXN1",0.114907513227511,8.972775,0.94761849813161,0.347902641987846,0.575997751635507,-5.87920392654908
"IFITM1",0.292274285714281,9.92710333333333,0.945715633912722,0.348862969770337,0.57631547869549,-5.88095051224819
"PLA2G2A",-0.473183121693125,7.818206875,-0.941014764558331,0.351242810250667,0.578125879059638,-5.88525080535331
"KIR2DL3",-0.282422645502646,6.4415325,-0.940506935388109,0.35150053446826,0.578125879059638,-5.88571412464723
"LAMA1",0.188770687830686,6.52845541666667,0.934727239442402,0.354442433785466,0.581688895709189,-5.89097025607087
"VTCN1",-0.152635502645502,5.61501395833333,-0.930289935256144,0.356711889456081,0.584135190157338,-5.89498439469679
"IL6",-0.353491640211635,7.56805,-0.921690425809323,0.361136894627187,0.590092965077104,-5.90271133484411
"CD45RA",-0.24406513227513,4.02418479166667,-0.919628789985393,0.362202989733937,0.590548352827071,-5.90455348858505
"NLRP3",-0.188080634920637,6.7665775,-0.91325653593803,0.365510981514748,0.594649102247422,-5.91022216624809
"THBS1",-0.377122645502645,10.3571070833333,-0.909646145534532,0.367393820493921,0.596418539762858,-5.91341702700723
"COL4A5",-0.22748566137566,8.59133979166667,-0.907273900948579,0.368634343004183,0.597139864477619,-5.91550958654942
"ICOS",-0.207358994708994,3.49353770833333,-0.903891253647522,0.370407876220822,0.598719627512104,-5.91848428922149
"CMKLR1",-0.264237460317466,8.32503833333333,-0.899573120902313,0.372679807310325,0.600502337157516,-5.92226604965495
"CLEC4E",-0.240187513227512,4.96993166666667,-0.898753356200749,0.373112118820537,0.600502337157516,-5.92298201047985
"MICA",-0.146369788359786,6.53762270833333,-0.894249295636728,0.375493087436197,0.602673887342239,-5.9269044747286
"RAD50",-0.0669049206349221,8.993823125,-0.892831042294031,0.376244812197654,0.602673887342239,-5.92813564683881
"ALDOC",0.277123386243387,10.6334633333333,0.891390773709803,0.377009184507381,0.602673887342239,-5.92938399532551
"HLA-DRB1",-0.295656296296295,11.0223666666667,-0.890136525686486,0.377675636067803,0.602673887342239,-5.93046952253398
"IFIH1",0.173773650793652,8.96846625,0.886251461829997,0.379744729151835,0.604689059158974,-5.93382258237558
"FCGRT",-0.165997354497353,10.1895145833333,-0.883193511853892,0.381378361779176,0.606003752827081,-5.93645180493982
"NFKBIA",-0.13024814814815,11.74896875,-0.88075296994633,0.382685343724202,0.606794942480236,-5.93854386753809
"ZC3H12A",-0.197108677248678,5.59972208333333,-0.878312678565554,0.383995015959818,0.607587050569333,-5.94063011041926
"PARP12",-0.133251904761909,8.00625770833333,-0.873713326918674,0.386471100029878,0.609517724857716,-5.94454692563223
"NLRC5",0.15746105820106,7.61926708333333,0.872194908181187,0.387290748279972,0.609517724857716,-5.9458356391825
"EIF2B4",0.0863628042328051,7.41266145833333,0.871523966220428,0.387653273009507,0.609517724857716,-5.94640438969475
"GMIP",0.162976560846561,5.54808479166667,0.869373788021278,0.388816496961585,0.610067725358135,-5.94822421582481
"HLA-B",0.184215873015875,13.2286166666667,0.867678015023229,0.389735435049992,0.610232935882033,-5.94965637846889
"IFIT2",-0.252345608465607,9.14041083333333,-0.865682680871741,0.390818446299513,0.610495940152378,-5.95133806425499
"ITGAE",0.093716402116403,7.836955,0.864371034169495,0.391531396284392,0.610495940152378,-5.95244148755221
"CCR2",-0.204173915343918,5.89837979166667,-0.856203928903124,0.395988930283635,0.616165347951715,-5.95927556472604
"LAG3",0.203858888888889,5.167360625,0.851472871641338,0.398585487954498,0.618921565146736,-5.96320563434088
"LAMB3",-0.193248201058205,6.33466979166667,-0.849241180850627,0.399813971024634,0.619456014045716,-5.96505215596697
"CD74",-0.216500529100527,14.1418375,-0.847013837724579,0.401042397347778,0.619456014045716,-5.9668903907298
"RIPK2",-0.102439629629631,7.45333104166667,-0.846352664827213,0.401407497101624,0.619456014045716,-5.9674351573102
"WNT3A",-0.210442063492064,3.67210395833333,-0.841178891596111,0.404271548175712,0.620387892501761,-5.97168377335176
"RB1",-0.0940473015873007,9.69095125,-0.840567612782055,0.404610764742372,0.620387892501761,-5.97218407439394
"PFKM",0.138488624338626,8.36054270833333,0.837028626220397,0.406578097664624,0.620387892501761,-5.97507361512848
"CD4",-0.193518783068781,7.65713854166667,-0.834865614180169,0.407783413525566,0.620387892501761,-5.97683385816292
"IRF5",-0.161036825396825,7.0258225,-0.83480651851605,0.407816374730955,0.620387892501761,-5.9768818876793
"CLEC14A",0.143672380952381,7.16174333333333,0.833727123475947,0.408418706041051,0.620387892501761,-5.97775857600135
"CASP8",-0.16233560846561,6.59936145833333,-0.833258208839402,0.408680542950828,0.620387892501761,-5.97813908670321
"DUSP2",-0.232285820105821,4.93837875,-0.833114493574908,0.408760812626558,0.620387892501761,-5.97825566585355
"KLRK1",-0.219921428571429,6.06814895833333,-0.831060490740048,0.4099090968578,0.620387892501761,-5.97991969956948
"SPIB",-0.192591904761905,5.36760895833333,-0.830392084899096,0.410283192907831,0.620387892501761,-5.98046034233734
"MAGEC1",-0.223282010582011,3.93376625,-0.827096166728933,0.412130920459906,0.621590088126255,-5.98312007689501
"SH2D1A",-0.235678465608466,4.688865625,-0.825570744420015,0.412987807250299,0.621590088126255,-5.98434757919564
"HLA-DOB",-0.202045502645502,4.59948083333333,-0.824491438943353,0.413594749962383,0.621590088126255,-5.98521476207659
"ICAM2",-0.138422486772486,6.559496875,-0.823072711843334,0.41439339208417,0.621590088126255,-5.98635298021462
"TNFRSF14",-0.141590423280428,8.60340729166667,-0.820001929268342,0.41612523904759,0.622812132704879,-5.98881008383832
"SLC2A1",-0.104279841269842,6.73015354166667,-0.818685674342754,0.416868920823799,0.622812132704879,-5.98986055781308
"CD8A",-0.223103227513228,6.85387395833333,-0.816796846082264,0.41793751549512,0.62316726962493,-5.99136512232401
"MLANA",-0.174261058201059,5.69452291666667,-0.814918191438839,0.419002001889286,0.623514883763818,-5.99285822974921
"TDO2",-0.278078201058197,5.62487958333333,-0.801649051718353,0.426567266451851,0.633515742255224,-6.00330892816147
"APC",0.124292063492062,11.099,0.799992599336371,0.427517405450454,0.633672043651859,-6.00460181420273
"IFNA1",-0.256284338624338,5.42271291666667,-0.795578700395952,0.430055405520082,0.636176635384737,-6.00803421231987
"DKK1",-0.398899682539684,5.5719775,-0.792970656157387,0.431559263692194,0.637144582222727,-6.01005362215638
"XCL1/2",-0.186080052910054,5.29308854166667,-0.785680550063955,0.435779530801837,0.642111292930015,-6.01566408195046
"GZMK",-0.29711343915344,5.6459375,-0.783895866053351,0.436816415344435,0.642377081388875,-6.01702987806835
"CTNNB1",0.0806783068783101,12.1214625,0.770053875085874,0.444908057104813,0.652996169919001,-6.02752012674885
"VEGFB",0.076771005291004,9.17122083333333,0.759779425225672,0.45097077027485,0.658662599096685,-6.035188771693
"RELA",0.0892706349206343,9.05644854166667,0.758563382976462,0.451691504383971,0.658662599096685,-6.03608974647791
"PTGS2",-0.229473174603173,6.37782895833333,-0.756997089898332,0.452620816400101,0.658662599096685,-6.03724814828065
"TNF",-0.189956296296295,6.95242625,-0.756890369356843,0.452684176234682,0.658662599096685,-6.03732699176818
"REN",-0.192683317460317,2.44920539583333,-0.756089412043002,0.45315986817852,0.658662599096685,-6.03791838020129
"CLECL1",0.149377354497359,6.46922333333333,0.752313631891494,0.4554062320744,0.659942620873788,-6.04069799865612
"TMEM173",0.151816349206351,8.31361145833333,0.751652264126555,0.455800370150163,0.659942620873788,-6.04118347926748
"GLUD1",0.0900695767195767,10.230399375,0.740953944277809,0.462203379282188,0.666723084547727,-6.04897867905565
"CCNO",-0.171628518518519,4.86607229166667,-0.739267034871884,0.463217705673893,0.666723084547727,-6.05019785670346
"VEGFA",-0.26740042328043,11.4522525,-0.739129783888454,0.463300289894716,0.666723084547727,-6.0502969324124
"TNFSF13B",-0.106299470899468,6.82309083333333,-0.737902264522958,0.464039266845218,0.666723084547727,-6.05118222730056
"CYBB",-0.158824867724872,10.72401625,-0.734122765047477,0.466318798353405,0.668717206051728,-6.05389899205064
"NECTIN2",0.094397142857142,8.82765125,0.729856979467867,0.46889930133255,0.670051859342482,-6.05694891770406
"IFIT3",-0.194851640211642,9.627575,-0.729630881714959,0.469036301539738,0.670051859342482,-6.05711008658624
"LDHB",0.0912555555555556,11.7493979166667,0.725110020945884,0.471780426844823,0.672514731899455,-6.06032243039726
"EPM2AIP1",-0.0593833862433897,9.28300875,-0.721478615979447,0.473991248246164,0.672514731899455,-6.06288861380253
"E2F3",0.073522539682541,8.47855833333333,0.721082008210668,0.474233060371621,0.672514731899455,-6.06316811856557
"IL34",0.200390476190476,6.2339325,0.720895075606628,0.474347057566416,0.672514731899455,-6.06329980501508
"SELE",-0.192129523809521,5.59896333333333,-0.710507152419289,0.480706255452848,0.678616523332679,-6.07056513889396
"CTLA4",-0.197888571428573,5.53886625,-0.709437813521696,0.481363581290047,0.678616523332679,-6.07130717509217
"CX3CL1",0.106845343915348,9.009338125,0.709434985176281,0.481365320550647,0.678616523332679,-6.07130913628778
"TNFRSF17",-0.180605238095238,3.09070479166667,-0.69903877423999,0.487782118435548,0.686372586916812,-6.07846618803135
"CD3G",-0.176161322751323,4.85824020833333,-0.681412472703455,0.498769358709824,0.699694792312367,-6.09036398132502
"KIR3DL1",-0.211426666666666,5.36610583333333,-0.680486267380944,0.499350428960505,0.699694792312367,-6.09098093196219
"CSF3",-0.19471898941799,3.28958152083333,-0.679374274984779,0.500048544905905,0.699694792312367,-6.09172054897514
"IL33",-0.109126931216931,8.29902895833333,-0.676867575202208,0.501624222326582,0.700592489282936,-6.09338347176448
"SOCS1",0.162933174603176,6.448295625,0.672639366137018,0.504288142958858,0.702958699020266,-6.09617476093533
"FGF18",-0.155799047619049,4.63454541666667,-0.671205954289325,0.505192985029231,0.702958699020266,-6.09711714425322
"CDH5",0.102612539682541,6.94729479166667,0.657801944164438,0.513696753966916,0.712942355397192,-6.10583395748567
"CD70",-0.1754891005291,5.66551166666667,-0.654859473797313,0.515573739901198,0.712942355397192,-6.10772437188838
"PARP4",-0.0776796296296283,8.51938520833333,-0.654203271618067,0.515992827367457,0.712942355397192,-6.10814481903718
"AXL",-0.100973703703703,8.25108229166667,-0.653925527242329,0.516170265307567,0.712942355397192,-6.10832265292286
"MSH6",0.057410634920636,7.36079395833333,0.651301094423837,0.517848501336449,0.713945544121943,-6.10999935938714
"FASLG",-0.17346164021164,3.32420020833333,-0.646167946151121,0.521139364827786,0.717164263524476,-6.11325968897973
"WNT5B",-0.146314603174604,5.28202375,-0.642930342483396,0.523220685137447,0.718709732331658,-6.1153030202919
"CSF2RB",-0.171556455026454,5.70602854166667,-0.64009816535349,0.525044971956456,0.719563838959558,-6.11708220346604
"ROCK1",-0.0533084126984118,8.25380354166667,-0.638987479109284,0.52576131166645,0.719563838959558,-6.1177778322419
"MAGEA3/A6",-0.205798835978834,4.41774291666667,-0.630652702535127,0.531153229227654,0.724856246278573,-6.12296003928232
"IDO1",-0.15797597883598,6.06544375,-0.630023799978278,0.531561247270954,0.724856246278573,-6.12334834874464
"TNFRSF10B",-0.102069206349211,7.7696375,-0.626643268389806,0.533757262810666,0.726312227719755,-6.12542909303002
"ACVR1C",-0.1534126984127,6.3180925,-0.624630222148325,0.535067190886545,0.726312227719755,-6.12666290707121
"IKBKB",0.0742536507936471,8.10653625,0.623039950435205,0.536103191033196,0.726312227719755,-6.12763483701237
"BMP2",-0.120984814814813,7.131189375,-0.622427229771358,0.536502632208993,0.726312227719755,-6.12800866423594
"RPL23",-0.0678830687830754,13.10300625,-0.609677013928331,0.544849536871385,0.734448630533631,-6.13570554430047
"STC1",-0.153417195767195,6.24664854166667,-0.608344847272811,0.54572545734029,0.734448630533631,-6.13650067923748
"IL22RA1",-0.156107989417987,5.21101020833333,-0.608015842516344,0.545941893889124,0.734448630533631,-6.13669678971125
"IL2",-0.130147724867725,5.37672666666667,-0.607274450416098,0.546429781117021,0.734448630533631,-6.13713832969334
"CXCL13",-0.25187783068783,3.999590625,-0.602058628431379,0.549868431067759,0.734729353814905,-6.14022964262689
"ITGA4",0.137414603174605,7.38556,0.60187917013724,0.549986938297272,0.734729353814905,-6.14033553654737
"TNFRSF10D",-0.123865026455028,5.46118354166667,-0.601339928191682,0.550343110552813,0.734729353814905,-6.14065354282464
"CXCL10",0.236468677248681,8.14044458333333,0.601015890051793,0.550557195791969,0.734729353814905,-6.14084450224668
"HLA-DQB1",-0.564128994708993,6.79749791666667,-0.595099490575406,0.554473447572106,0.738641359998365,-6.14431327539917
"TICAM1",-0.0659054497354461,6.54841104166667,-0.584303709725333,0.561655511181095,0.745770028317806,-6.15055565646453
"SIGLEC1",-0.211069417989416,7.83565583333333,-0.583751189437874,0.562024327279463,0.745770028317806,-6.15087210655699
"CBLC",0.110941693121692,3.35991708333333,0.581135889882607,0.56377171582427,0.745770028317806,-6.15236598590491
"BCAT1",-0.100133862433861,9.05816708333333,-0.581090387910846,0.563802141408261,0.745770028317806,-6.15239191844306
"TPI1",-0.067719047619045,11.6036604166667,-0.570918137674264,0.570624353763402,0.753465255849563,-6.15813902836531
"KRAS",0.0550823280423316,8.5652,0.566560836228969,0.573559007809213,0.756009237006871,-6.16057018173132
"IL11RA",0.0800811640211645,6.55678041666667,0.563556734287779,0.57558656242592,0.756028389091734,-6.16223561421841
"OAS2",0.157124708994713,9.29819645833333,0.563552217498154,0.57558961356184,0.756028389091734,-6.16223811168517
"NT5E",0.104781375661373,8.20654666666667,0.557986057951964,0.579355578499068,0.759644552227799,-6.16530079195378
"OAS1",0.156178941798942,9.58601541666667,0.552137819268015,0.583325185729322,0.763514641006966,-6.16848634934923
"MGMT",-0.0870739682539687,7.72254708333333,-0.549281003344364,0.585269044141633,0.764724360812238,-6.17003041866588
"APLNR",-0.177096825396829,9.57558208333333,-0.54304075638012,0.589525834577705,0.768946740753528,-6.17337567189847
"IFI16",-0.112137566137564,9.82857833333333,-0.539130846655393,0.592200457535304,0.770749693777911,-6.17545244454126
"FZD9",-0.125257248677251,4.78923375,-0.538017023525104,0.592963431079806,0.770749693777911,-6.17604134509617
"FAM124B",0.116465238095237,6.24936645833333,0.534223015952659,0.595565819223786,0.772793018023944,-6.17803828135644
"IL2RB",-0.140782433862433,5.94406083333333,-0.527418394731904,0.600246647748816,0.776220181782069,-6.18158483354975
"EIF4EBP1",-0.091627142857142,8.918506875,-0.526918485743082,0.60059120505235,0.776220181782069,-6.18184361289051
"MAP3K5",-0.0636466666666671,8.56445875,-0.525873279073689,0.60131190082051,0.776220181782069,-6.18238388331911
"LAMC2",-0.103021693121694,4.50621791666667,-0.520456788154239,0.605053131204215,0.778694664845065,-6.18516669347304
"CD79A",-0.151648328042327,3.85555829166667,-0.520092232696361,0.605305319472898,0.778694664845065,-6.18535296654824
"BIRC3",-0.125801164021164,5.51662208333333,-0.511262872397444,0.611427959326196,0.785224262833299,-6.18982498805009
"FCRL2",-0.14691232804233,5.16229229166667,-0.506104902524978,0.615017736899368,0.787460717869742,-6.19240242170446
"CD48",-0.151238624338625,6.56417541666667,-0.505743946817951,0.615269307562225,0.787460717869742,-6.19258182293414
"PDGFB",-0.0678352380952383,6.84019125,-0.503902556114306,0.616553402896836,0.787533028430136,-6.19349505492705
"TLR4",-0.097525026455024,9.542693125,-0.50265239387107,0.617425894289227,0.787533028430136,-6.19411319038997
"BBC3",-0.0859366666666679,7.71373395833333,-0.497568506821886,0.620979675619132,0.790721148920797,-6.19661123409283
"IFI27",0.174976455026462,10.741461875,0.495306265739822,0.622563987802526,0.791394899748974,-6.19771473939021
"P2RY13",0.102633492063489,7.80368895833333,0.492513896457185,0.624522049603957,0.792540672086239,-6.19906997318892
"ADORA2A",0.0971161904761884,5.940945,0.486671249357925,0.628627859944876,0.792854251530549,-6.20188107099509
"OTOA",-0.0862053968253971,4.46246041666667,-0.486278941203257,0.628903973576497,0.792854251530549,-6.20206863382486
"JAK3",-0.131519523809524,7.152933125,-0.48288372020608,0.631295822970782,0.792854251530549,-6.20368563379984
"ULBP2",-0.10932746031746,6.71286520833333,-0.4819932343744,0.631923808748951,0.792854251530549,-6.20410787716818
"SBNO2",0.0779687830687816,8.09531791666667,0.481400059682136,0.632342277572258,0.792854251530549,-6.20438871559699
"TRAF1",-0.079819894179896,7.67647083333333,-0.4811176860913,0.632541527201048,0.792854251530549,-6.20452228497496
"CXCL14",-0.1734073015873,10.1331179166667,-0.480466107370534,0.633001401762189,0.792854251530549,-6.20483020088946
"ENTPD1",-0.0629951851851871,8.67615520833333,-0.48014758656163,0.633226262222398,0.792854251530549,-6.20498057354562
"CHUK",-0.0523288888888871,8.43520166666667,-0.476648481694305,0.635698758082609,0.793940513034531,-6.20662598685522
"CXCL2",-0.127727883597885,8.263446875,-0.473826199118195,0.637696060364271,0.793940513034531,-6.20794444620295
"MB21D1",-0.0855311111111119,6.67123875,-0.472670565978069,0.638514674770542,0.793940513034531,-6.20848207403854
"FLT1",-0.082324867724866,8.65165416666667,-0.471613355813369,0.639263967283779,0.793940513034531,-6.20897277389188
"CXCL12",-0.168165185185182,6.88315708333333,-0.471440153414509,0.639386759830475,0.793940513034531,-6.20905306130197
"CDKN2A",-0.0899659259259256,6.6708175,-0.469320586406382,0.640890259424669,0.79449205713802,-6.21003321282195
"HDAC5",-0.0661648677248667,8.2059575,-0.466839451009837,0.642652165257623,0.794989275124237,-6.21117500429889
"SLAMF7",-0.131596719576721,4.66459208333333,-0.465771300861641,0.643411320000549,0.794989275124237,-6.21166470850779
"IL4",-0.161006707407408,3.09234372708333,-0.462025903517891,0.646076272602527,0.796969086269565,-6.21337303988391
"ANGPT1",0.102882804232802,7.55021729166667,0.457656097961791,0.649191432512857,0.799318269804591,-6.21534889255927
"TNFRSF4",-0.0912565608465608,4.60156104166667,-0.45636619873857,0.6501121927744,0.799318269804591,-6.21592857565691
"PSMB9",0.0712389947089935,8.728008125,0.449217153127168,0.655225300879799,0.802743189179879,-6.2191119585829
"IKBKG",-0.060070634920633,7.14308979166667,-0.446168116591422,0.65741111436077,0.802743189179879,-6.22045449549418
"DUSP5",0.110898465608468,8.34924895833333,0.446120694423769,0.657445134596873,0.802743189179879,-6.22047530457722
"TPM1",0.0822174603174552,9.59549208333333,0.445517334381747,0.657878043478985,0.802743189179879,-6.22073987045198
"PRLR",-0.112127142857145,5.30008229166667,-0.444999872198278,0.658249415127501,0.802743189179879,-6.2209664882988
"HK1",-0.0697487830687837,9.2422025,-0.441546511483517,0.660730040186293,0.803537109562616,-6.2224721672591
"WNT5A",-0.0916936507936565,8.38127041666667,-0.441110938572797,0.661043195466846,0.803537109562616,-6.2226612524361
"ITGAV",-0.0783523809523796,11.6673125,-0.435658149921111,0.664968637852138,0.8070007740924,-6.22501267940339
"PRR5",0.0663062433862436,6.32779916666667,0.420614050333516,0.675847737405256,0.817751715328067,-6.23134969650456
"TWF1",-0.043736825396822,10.34908375,-0.420393045466863,0.676008084671202,0.817751715328067,-6.23144114297739
"TNFSF13",-0.103938201058202,7.67875666666667,-0.414426775101841,0.680342537691327,0.817965107910092,-6.23389181010903
"MAP3K12",0.0459623809523828,6.70563479166667,0.414313022740477,0.680425284356768,0.817965107910092,-6.23393819644111
"CXCL9",-0.11965470899471,6.65821708333333,-0.413927698615277,0.680705609412632,0.817965107910092,-6.23409523129412
"IL2RA",-0.143028201058198,6.30200854166667,-0.413455938445479,0.681048878976361,0.817965107910092,-6.23428729471256
"WNT4",-0.126213756613756,5.30870333333333,-0.412647082406327,0.681637589925077,0.817965107910092,-6.23461609080556
"TNFRSF11A",-0.0765187830687815,6.522084375,-0.409841002061737,0.683681490549611,0.818748034627859,-6.2357517925106
"CDH1",-0.0903358730158725,5.9614875,-0.408754727530622,0.68447335694889,0.818748034627859,-6.23618937303115
"CD36",-0.128067566137562,6.82311104166667,-0.404016736945168,0.68793140168397,0.821574126214933,-6.23808447604608
"PRF1",-0.116769047619047,4.66406979166667,-0.399276934174203,0.691397509869328,0.824400846426066,-6.23995834479478
"ARG1",0.106876878306876,5.12068395833333,0.396630232237422,0.693335890978181,0.82539987021212,-6.24099515328912
"CD6",-0.103313492063491,5.20777854166667,-0.393316617428767,0.695765620254147,0.826979738812378,-6.24228355767545
"MRE11",-0.0290102116402142,8.14270270833333,-0.384798928779477,0.70202600303086,0.831704568660003,-6.24554612630359
"FGFR1",-0.0554747619047617,8.89331020833333,-0.384784762398198,0.702036432644712,0.831704568660003,-6.24555149338751
"HLA-DQA1",-0.45849807936508,7.61762502083333,-0.38338453733853,0.703067595373922,0.831704568660003,-6.24608101449232
"DDB2",0.070810634920635,9.07130479166667,0.378905073103212,0.706370165238565,0.833250827179345,-6.24776211900995
"GZMM",0.105635767195767,4.2451325,0.377667666074557,0.707283475359333,0.833250827179345,-6.24822304526004
"CD244",0.0829938095238099,4.338576875,0.375465322615622,0.708910062911786,0.833250827179345,-6.24903969634845
"EOMES",-0.105600899470899,4.088331875,-0.370986238686171,0.712222400884314,0.833250827179345,-6.25068593622042
"TNFSF10",0.0876247619047623,7.47654416666667,0.370648939168218,0.712472065662753,0.833250827179345,-6.25080911175695
"STAT2",-0.0546548677248708,10.5502585416667,-0.37064469347842,0.712475208470323,0.833250827179345,-6.25081066149425
"PIK3CD",-0.0708820634920677,7.262713125,-0.370530366154042,0.71255983943233,0.833250827179345,-6.25085238596047
"PRKAA2",-0.063840582010581,6.412950625,-0.369581056432902,0.713262708065519,0.833250827179345,-6.25119834805937
"TIGIT",-0.0964207936507941,5.315641875,-0.366241115423426,0.715737590019352,0.834532272235692,-6.25240852631393
"IL21R",-0.0872923809523813,4.15050375,-0.363625650428003,0.717677791137849,0.834532272235692,-6.2533485737897
"CD1C",0.119247513227514,3.63490291666667,0.36359875274418,0.717697754122695,0.834532272235692,-6.25335820651721
"PLA1A",-0.0842321693121715,5.3338375,-0.359020038283554,0.721098879383082,0.836191317146495,-6.25498762900367
"FAP",0.114744550264549,6.31961333333333,0.358297829605777,0.721635866284755,0.836191317146495,-6.25524276540805
"MICB",-0.055441375661375,6.56295041666667,-0.356585338481233,0.722909726826672,0.836191317146495,-6.25584569875609
"F2RL1",-0.0717175661375657,6.18868458333333,-0.355679027212735,0.723584219770767,0.836191317146495,-6.25616362977265
"CCND3",0.0562058730158723,7.73003104166667,0.351368191271722,0.726795441290853,0.83748799227623,-6.25766483754232
"CSF1",0.0633402645502681,8.68349604166667,0.350486319165138,0.727452976173613,0.83748799227623,-6.25796969727282
"STAT4",-0.0906005291005334,5.95490625,-0.34820837053489,0.72915239927387,0.83748799227623,-6.25875364780167
"MS4A6A",-0.0968698412698403,7.41267833333333,-0.348180930763034,0.729172878608504,0.83748799227623,-6.25876306013091
"OLFML2B",-0.0883720105820132,7.615813125,-0.345564165236447,0.731126782106468,0.838448144617509,-6.25965726596588
"ICAM5",0.120213915343919,5.71603270833333,0.342763638338143,0.733219890204992,0.839564759776708,-6.26060683083223
"CCL18",0.107626719576719,7.26751479166667,0.340550523229939,0.734875415764043,0.840177685705842,-6.26135178482728
"SLC16A1",0.0595166137566103,9.46968,0.336348612281107,0.738022154011364,0.842491043391968,-6.26275296958095
"NFKB2",-0.0597804761904808,7.849070625,-0.333161170910173,0.740412197516901,0.843934875589173,-6.26380431662171
"DPP4",-0.0773904232804252,6.62538645833333,-0.330317469149958,0.742546676562198,0.844736088068017,-6.26473387360993
"IL32",-0.0882469312169301,7.82727729166667,-0.327092636033874,0.744969702061741,0.844736088068017,-6.26577841739513
"FGF9",-0.0981982010582012,5.30885541666667,-0.326783185951535,0.745202349139911,0.844736088068017,-6.26587811376493
"PSMB10",-0.0561349206349213,8.07908791666667,-0.326227222564286,0.745620387068036,0.844736088068017,-6.26605699397631
"SMAP1",-0.0245525925925918,9.37208583333333,-0.302325977685055,0.763663553294585,0.860187333596929,-6.27346033415922
"WNT10A",-0.0707601058201055,4.60099458333333,-0.301867476441154,0.764011011007106,0.860187333596929,-6.27359687118302
"ROR2",-0.0844168253968265,6.41401791666667,-0.299248580899688,0.765996577964662,0.860187333596929,-6.27437279435879
"CXCR3",-0.0705732804232788,4.535420625,-0.29684866313562,0.767817514807003,0.860187333596929,-6.27507792436776
"IL17A",-0.0780428571428562,4.82565708333333,-0.296755942970066,0.767887892778945,0.860187333596929,-6.27510505337249
"TAPBP",-0.0409312698412734,10.1193085416667,-0.295543194164946,0.768808594516296,0.860187333596929,-6.27545911416081
"NEIL1",0.0357769312169296,7.09845166666667,0.294249661502109,0.769790996613312,0.860187333596929,-6.27583516749298
"C7",0.163518042328044,7.30063604166667,0.294211057068065,0.769820321467978,0.860187333596929,-6.2758463652421
"MS4A1",-0.0750754497354489,5.51756958333333,-0.292483342831442,0.77113308132749,0.860187333596929,-6.27634601373107
"IFIT1",0.0877971957671928,8.827136875,0.291587290646554,0.771814190194249,0.860187333596929,-6.2766039938901
"BTLA",-0.0722346560846567,4.19016895833333,-0.291507608200324,0.771874767347644,0.860187333596929,-6.27662689687537
"LTB",-0.0820730158730196,5.42167916666667,-0.286613140269674,0.775598432426759,0.861591692503085,-6.2780217457769
"TNFRSF1A",0.0379327513227548,9.717168125,0.285646900613926,0.776334170292257,0.861591692503085,-6.27829432741988
"HLA-F",-0.0691898412698464,8.90276833333333,-0.28532239179348,0.776581312176114,0.861591692503085,-6.27838566739772
"HLA-DQA2",0.131316984126984,4.27761770833333,0.261860665083625,0.794509691321024,0.880180603383705,-6.28471521695861
"WNT2B",-0.0617515343915347,6.74183333333333,-0.256315161972853,0.798764105119012,0.882439609124305,-6.2861322139621
"EGR1",0.0608454497354529,11.278039375,0.256094984002327,0.798933149906066,0.882439609124305,-6.28618784995489
"TRAT1",-0.0734793121693125,5.512493125,-0.254603414653216,0.80007857893937,0.882439609124305,-6.28656349367803
"APOL6",0.0442419047619076,8.6053175,0.245903700100766,0.806768152545653,0.888511181217679,-6.28871086156472
"CCL14",0.0992370899470902,4.77830895833333,0.242971975858969,0.809025790025865,0.889691118063635,-6.28941773029307
"WNT7B",0.0741581481481512,4.828510625,0.234695287496597,0.815408217361184,0.894413696841731,-6.29136768053079
"NFKBIE",0.0337393121693141,6.27288645833333,0.233415789821603,0.816396019309809,0.894413696841731,-6.29166310763695
"IRF9",-0.0391804761904755,9.08775479166667,-0.231531085797488,0.817851601789567,0.894413696841731,-6.29209533777684
"CES3",-0.0456413756613747,5.40383625,-0.229201880848648,0.819651372228464,0.894413696841731,-6.29262467729315
"WNT11",-0.0493680423280414,3.86268333333333,-0.229053463312665,0.819766087352079,0.894413696841731,-6.29265822595575
"TAF3",-0.0410163492063491,5.43501354166667,-0.227016858975751,0.821340623266923,0.894413696841731,-6.29311639465548
"ITGA6",-0.0277224338624347,9.20921041666667,-0.226593465952249,0.821668049498604,0.894413696841731,-6.29321113143347
"TLR3",0.0513652380952347,6.98806770833333,0.224724729331079,0.823113597634394,0.894688693080863,-6.29362716423943
"WNT2",-0.0563720105820087,5.54185979166667,-0.222298816919908,0.824991067478803,0.895431694079743,-6.29416211132497
"FUT4",-0.0348848677248705,6.5751525,-0.21497958102653,0.830661804665824,0.900283747831456,-6.29574098851886
"DEFB134",-0.0557364550264543,5.17125395833333,-0.205440206088852,0.838066258539528,0.905919343001113,-6.29771959801144
"MAGEC2",-0.0660440740740742,3.86048020833333,-0.204096518718707,0.839110432072378,0.905919343001113,-6.29799109725652
"ANGPT2",-0.0341953968253961,8.01125270833333,-0.203614268529234,0.839485257847698,0.905919343001113,-6.29808810480013
"RSAD2",0.0620497354497367,8.7750325,0.199507036904311,0.84267908824162,0.908059362329332,-6.29890501473688
"GZMB",0.066111417989418,2.78454995833333,0.19590166894632,0.845484864916939,0.90872993693669,-6.29960840915202
"DTX3L",0.0315410052910057,9.23476229166667,0.195593656326875,0.845724661309079,0.90872993693669,-6.29966790753199
"COMP",0.0553171428571435,4.21402208333333,0.19285806971328,0.847855035201403,0.909715703005797,-6.300192235349
"TNFRSF25",0.0370200000000018,7.37591041666667,0.190889927049856,0.849388461806459,0.910059066221206,-6.30056490690728
"IL11",-0.0499091005291028,5.30621041666667,-0.188697115910522,0.851097624451489,0.910589469812577,-6.3009756244978
"JAK2",0.0249432804232796,9.1631225,0.186951383529061,0.852458832370674,0.910746615780635,-6.30129921570838
"GBP1",-0.0456587301587295,8.88706125,-0.181959414246927,0.856353728945474,0.913220353143264,-6.30220796042377
"MFNG",-0.0320155555555557,6.69047791666667,-0.180500769320965,0.857492496543171,0.913220353143264,-6.30246885748286
"BLK",-0.0374349735449728,3.732881875,-0.17813673515966,0.859338751831316,0.913220353143264,-6.30288724135742
"COL11A2",-0.029234126984127,5.71868104166667,-0.17774500712007,0.859644759092192,0.913220353143264,-6.30295603689915
"RPL7A",-0.0154783068783075,12.7505458333333,-0.17365108034516,0.862844114059188,0.915322610388106,-6.30366596443301
"vsir",-0.0378170899470902,8.029213125,-0.167932902968803,0.867316672386269,0.917977739549436,-6.30462989868342
"GPC4",0.030829047619048,7.43680895833333,0.167321750108757,0.867794956454067,0.917977739549436,-6.30473101626268
"MYC",0.0378949206349208,8.73444208333333,0.163456239245233,0.870821226820473,0.91988157762726,-6.3053620494179
"CCL19",0.0521994179894181,4.05486645833333,0.160730254308922,0.872956548751221,0.920840241298756,-6.30579820032116
"GIMAP6",-0.029118730158725,7.12226166666667,-0.152905810963074,0.879090846539719,0.924800720223738,-6.3070093919901
"ICAM3",0.0278698412698404,6.7087025,0.152795711326592,0.879177218026034,0.924800720223738,-6.30702600422675
"IHH",-0.030492539682538,3.617559375,-0.149195122214698,0.882002635684494,0.926473356811443,-6.30756268618084
"TTC30A",-0.0219476719576743,7.44964729166667,-0.144949108080029,0.885336511019991,0.928674661909081,-6.30817914199278
"TPSAB1/B2",-0.0705506349206351,6.71893145833333,-0.143364951752252,0.88658089442215,0.928681104492476,-6.30840458237713
"PPARGC1B",0.019176719576719,6.69577166666667,0.138950605858144,0.890049953554162,0.931014595767952,-6.30901972623802
"LTBP1",0.0213504761904773,9.03431916666667,0.127728575365902,0.898878517290763,0.938615450277843,-6.31049698018164
"PARP9",0.0230233862433842,9.26217541666667,0.126533676509768,0.899819344999692,0.938615450277843,-6.31064695642524
"DLL1",-0.0241676190476161,7.35605,-0.120052323370317,0.904925062036547,0.942630272954737,-6.31143591118157
"VEGFC",0.0242791534391529,6.22121416666667,0.117940544976805,0.906589511480456,0.94305427685207,-6.31168401859404
"GBP4",0.0278183597883555,7.43126020833333,0.110809519215078,0.912213083506377,0.947589768185295,-6.31248930485322
"FOXP3",-0.0284437037037035,4.33932375,-0.106424316416614,0.915673551729224,0.949868829594631,-6.31295959495924
"PTEN",-0.0176087301587309,8.00220604166667,-0.101135123395264,0.919849565947323,0.952882837652614,-6.31350158315125
"INHBA",0.0254846560846547,5.58931083333333,0.0962592850886825,0.923701242692149,0.955553009681534,-6.31397675569059
"CPA3",0.0433697883597883,4.62358979166667,0.0933653345897934,0.925988201846962,0.956599382073308,-6.31424768738728
"FAM30A",0.0268450793650805,5.03192416666667,0.0898788761688223,0.928744228761351,0.957613811885799,-6.31456311092258
"KIT",0.0225128042328038,5.84887916666667,0.0888928901756547,0.929523806737149,0.957613811885799,-6.31465013765711
"CASP1",-0.0162866137566153,7.95644354166667,-0.0828126103108211,0.934332741120862,0.96124767605027,-6.31516559921503
"RELN",0.0272585714285718,4.39033104166667,0.0772906820371026,0.938702216731675,0.962178892664317,-6.31560210319549
"KIR3DL2",0.0236020105820103,4.28985041666667,0.0772098131216778,0.938766222385128,0.962178892664317,-6.31560827216629
"MS4A2",-0.0228530687830681,3.377385625,-0.0768050358455063,0.939086599240374,0.962178892664317,-6.31563905299269
"PRKX",-0.0149785026455027,3.14460935416667,-0.0690734107250633,0.945207985917038,0.967129589956041,-6.31619594224213
"CD79B",0.0173810052910057,3.819740625,0.0655872300667092,0.947969225220293,0.968633404516648,-6.31642773756706
"TNFRSF11B",-0.0153791005290982,7.11394020833333,-0.060571549827306,0.951943030170701,0.971370438949695,-6.31674017739537
"EDN1",0.00883465608465706,7.199041875,0.0539104082176938,0.957222382092252,0.975166800163175,-6.31711671734996
"LGALS9",-0.0118844444444424,8.109255,-0.0525965752468922,0.958263908960347,0.975166800163175,-6.31718581251441
"JAK1",-0.00427259259259394,9.38860333333333,-0.0467196755124722,0.962923630391911,0.978580925195032,-6.31747401735394
"HLA-C",0.00777010582010718,11.385646875,0.0404391858310598,0.967904791942809,0.982312035124637,-6.31774431534514
"MAGEB2",-0.00632349206349314,4.67964541666667,-0.0323680836116069,0.974307985417622,0.985389614899791,-6.31803448397909
"RPS6KB1",-0.00301518518518762,8.03700395833333,-0.0318839995268852,0.974692091080723,0.985389614899791,-6.31804984265148
"HLA-A",0.01477497354497,11.7821685416667,0.031648704770089,0.97487879234086,0.985389614899791,-6.31805722433563
"TWIST2",-0.00520376719576721,3.27623183333333,-0.0219907833372585,0.982543244918244,0.990907845365434,-6.31831303377114
"TNFSF12",-0.00257084656085027,8.738164375,-0.0203785185640974,0.983822907381548,0.990907845365434,-6.31834676549839
"ZAP70",0.00487354497354442,5.45128375,0.0185394651136085,0.985282625299971,0.990907845365434,-6.31838210791319
"JAG2",0.00482634920634961,4.74438291666667,0.0176305210891075,0.986004103478215,0.990907845365434,-6.31839834235978
"TNKS",-0.00159428571429032,9.33896083333333,-0.0164461584136585,0.986944213983972,0.990907845365434,-6.31841827176412
"ITGB8",-0.0029699999999977,11.262409375,-0.0134740543545379,0.98930345764988,0.991948654060709,-6.31846218360122
"TNFSF4",0.00173634920634669,6.34668479166667,0.0101116839229526,0.991972608187591,0.993297004193182,-6.31850134414455
"CD58",0.000812592592593475,6.52292375,0.0061241684696405,0.995138135120119,0.995138135120119,-6.31853331334671
